viewCount,likeCount,favoriteCount,commentCount,video_id
80901,3774,0,331,N1LieZT6mQh
100,6,0,0,pKvrxKAAANX
67099,1207,0,100,M7pBCjLr66R
55712,4075,0,8,7xuhlfvovt2
1348,125,0,17,DdvQ1MOCtaU
499,20,0,1,TGqBUC7SI5E
1747004,177241,0,685,d2TPMQ2T8LO
422,14,0,2,0tiCOlP9gwE
5161,101,0,39,vc64WkeknQA
3993,8,0,1,Pay7cOyruBc
82747,1394,0,154,31Iwta1KGex
4580475,75801,0,3036,P08BXtBuKyg
60025,5012,0,28,dPSNH23IQuS
2140495,9607,0,336,QD9d0np6KUw
3129141,38320,0,1876,2Kwm92Z1IZX
48681,1389,0,113,h30oLlmF9hN
1584,0,0,18,LdtnHzrYMIj
1760,0,0,0,XnPoCU4gpnB
164,0,0,0,y0V4as8HgzN
63895,5546,0,15,NhddpJXg9Z8
102703,1256,0,43,kzEq4p2m7Gj
45946,32,0,2,3Ah3YAmO4lT
1203365,14358,0,1202,HSXEZI2luHb
4998,354,0,53,DJ5hrK4sfaL
655,7,0,0,24h3axwhuZC
342,9,0,0,mlrtZZamfSq
19040,1688,0,12,RDntAyWDnk7
29,0,0,0,OmQCjON08NI
3302,47,0,5,EdXIKB533Qw
66127,2669,0,20,UmUkqfRwRXf
452312,30403,0,109,tGPugs1ptyd
3515433,46845,0,1771,OsiP2JWNoep
2521,28,0,3,3bulo4Gxfys
1618,11,0,1,CLuDH1nHmr7
501769,11732,0,254,o7ehZTwnwbR
2188,49,0,8,NRpKd3d8mMD
291759,6674,0,104,7DCE00yCHBZ
33821,249,0,16,5yedV7lKHg9
1185,38,0,2,nnwMCFA4dDO
55169,523,0,18,vmREuG3AZft
157338,3059,0,107,nZAr98N5bQv
1671039,105339,0,2738,H5vSKATmkc3
965,56,0,3,41hZ8JpRVpT
18805,1155,0,80,RffySWduLN4
4712201,302908,0,2905,DeGk6PnI81w
42653,662,0,36,UmUHGZOqO8D
76,1,0,0,y4a0FZnxylM
9294790,68883,0,2659,LKeFcjCS3Pq
81,0,0,0,n5ZJZ9Gj7KS
1036264,14417,0,529,zkwf4sca599
1402122,40793,0,3405,QzL0SanDVtR
1312,14,0,0,8TqTp2CIvk7
776,27,0,16,BwU6GYRPwl9
60,0,0,0,yHsokRokmE0
1082,22,0,9,mG2dtSpfl1H
32664,1061,0,149,YiIo2326RwB
1000996,4326,0,127,PNPs2oE8m4F
3335,26,0,0,6OSTvexqzWV
2196,162,0,8,8LMrqbFEnZg
2230064,26332,0,1712,JFgOSzZMQOw
1053339,8375,0,0,M9etmB9RDKr
251,26,0,7,nCAaizXYSVh
807,11,0,1,I9SepKb8hhQ
2559,147,0,1,IeZ2hnhpbbv
348,4,0,1,uUSlUS45B50
266242,2372,0,1667,EYtDak0RxNk
21,0,0,0,RAt7aljshof
919,15,0,0,ajej5dCGdw5
1591,29,0,26,XV783A2yd2N
969566,12215,0,316,YJC7hO2AOOH
1482,7,0,0,BDPYidn3dH8
289,7,0,4,VGyLtTKxv7n
311562,3042,0,132,Q6LgvFBeTtR
169670,4337,0,430,SGxYIkZbhVS
2799,74,0,11,ArShF4E2TzY
108,1,0,0,GsHmFrl0W38
15792,154,0,23,K4q6lqD4yz4
173359,898,0,233,rjqqH9TcV49
26373,1130,0,255,39I2aAlcbhu
4928,15,0,0,ppw21AWHjHu
986,7,0,0,hy36VglqsYk
2701,8,0,2,jbRwxmihAX1
249,4,0,7,XFOAT1jcqih
4750,63,0,13,6tjOZy3UyRy
122,0,0,0,x6U5ZSJZ6KF
1959,18,0,2,NyLheTRkk1Z
1065167,16004,0,907,ZsPflDOdnN4
960378,6867,0,0,FkCDvcuQbPC
2503,56,0,0,v9kqG4LExb8
246,9,0,2,OdDGgc0GSyJ
182915,752,0,63,1GhoZPlEAFD
15421,629,0,104,HCYQWUQnjQQ
121,3,0,0,QanJ5VbBb0V
92296,2266,0,275,9ME0xLL2m6P
1266,33,0,10,6q4YlrT9475
410,0,0,2,PoScn1WsePL
12,0,0,0,k7jVW0HQRS4
1306,30,0,3,WZiFWi1uFYP
15308,400,0,29,uQ7H8ydIq8j
38664,327,0,44,ye2u1rp6F7f
316,0,0,0,LTNwWca3JUn
1205381,11996,0,418,geU4ro8ZVwU
19925,97,0,7,n1CT3aBMyPh
969230,16640,0,770,D8TReJpHylX
59,9,0,1,cseoBoHCowm
205060,3663,0,173,nWbAzbsyYjD
53595,5363,0,22,2JVQx1yteK6
194,30,0,26,sjibWEWkJc4
1333225,18909,0,826,wt7XuBzDfTI
1378272,6310,0,233,fvLrkVaJI9f
6636,86,0,5,wiEMtGVXAY0
4122450,365263,0,1946,lKBrXA6i3tk
295,7,0,0,19I3iFmDDCb
36,0,0,0,GMLJnrFqf7B
1011060,14165,0,476,rJMCkUMgWxn
62608,2117,0,17,6Mq95smc5t6
34220,3289,0,22,nGaffb9H2kd
58,1,0,0,v3wLbnGechm
1893,45,0,0,XvpCuGdPmrs
7732,129,0,16,1seXs0g6jxw
6121,58,0,17,QErC3HKLT2S
11222,268,0,27,qjRG0DtF88j
17033,148,0,5,Myf5TVbTOuK
204,28,0,1,jJxqpHDVSt6
372,20,0,8,PKmzhbEtTBz
35164,767,0,160,9XTSKvnDPYQ
17788,555,0,8,cNWfG6ZLCeK
22816,1096,0,197,dfwCyNGMp6W
1190435,18873,0,886,PA5utpLbwGF
2,0,0,0,vWXirCJr9dl
126,5,0,5,Uwvv0qIWWdg
81984,794,0,57,z9SBeIT3GJm
1465,72,0,12,I3ma75tMYFD
1057,13,0,0,YhWRUvEfcIU
431,10,0,2,CVYp6j8Qv80
9159,426,0,11,Ub9MQNqLeYM
356806,7131,0,1186,xIX4Lnoutag
21012,291,0,355,hS3DvmpAOWu
267022,2390,0,89,W9SJwxdoli1
899010,27870,0,893,TYT2GmRdhBh
93442,2215,0,104,SC6Io2oUKA8
274,7,0,0,E7Xrys1hb1J
8143360,135990,0,5632,mNdBTAnadqr
2515,93,0,3,75zNdjjKPrg
1923833,9965,0,246,uKocmlUWf1c
319,10,0,0,fDhkon4D9AZ
190175,16843,0,94,2Tr6aS6b9Fv
130,5,0,0,whCjc7iTSH5
67168,2543,0,128,EmcOJm2lCym
600146,23977,0,449,aRkNHiGJ5tC
5053923,372388,0,1018,cKNcE9jEnqB
1743762,114435,0,483,J5eAQCuhLPU
289491,5054,0,317,9ahwG4T2U83
177186,5355,0,270,bHyVs38qP4w
2610,26,0,5,ZZvd4QBQrE6
21380,425,0,92,yvVFf8Hc2Bq
1838,8,0,0,ybFl4A08bsA
21,1,0,0,9jydVuazudL
30374,774,0,49,tpDZuLPDG0S
656516,27739,0,109,UKYAYPfZa22
178304,6690,0,95,iPhHR29te2O
1678,17,0,0,n7pwYUNqSkd
373245,7264,0,339,9bSUYm62jK6
3020519,19904,0,1613,uy01fdp3k9M
11469,219,0,77,pRjTFYlXqDE
15271,1159,0,82,SdAiu9udIlU
15072,4,0,0,obZLRz8so8Q
180282,10190,0,3,BFZYcWMVQJ3
1817,21,0,3,QjRICOT6Lmr
4611126,131509,0,2734,dDfortZN6Ul
88167,1190,0,98,suj9GvInwsh
29677,0,0,58,RevpXw9YGlT
3968815,304330,0,967,kpupVDpCdDV
1247984,7825,0,343,tRbmP1rBv38
25778,276,0,13,lOULSQmwEOr
91435084,682531,0,17599,mQY9DrTnqlV
506,3,0,3,Lsqzh4GWiMR
146322,1230,0,70,ysFj20SLQKW
309,9,0,0,HxkjkisM6zC
1047908,16524,0,876,lCzsegkMd3G
9674,48,0,4,mqiU8SEXsXv
1502117,43353,0,999,hwlzDUCy4HB
33871,373,0,9,4NPsCWbxN3N
535,27,0,12,YveFE9bRs62
1255385,22229,0,788,cDNOjVN6vBI
137090,0,0,108,jzpkY7xrhR4
18367252,206039,0,9646,tnTtMLuWCjz
5581977,103840,0,3607,p88oBL4XiRb
1866773,25677,0,492,ZPAvTf36szt
1279,12,0,0,f7SSoJFnR7k
658274,14567,0,665,EyXXNVxusIn
2392,32,0,0,i8dyQJa768X
2961,90,0,5,SDswTyQsSHy
601,4,0,1,wFnHb8wprkW
2930,219,0,42,aIWQJEtvOlB
180342,3854,0,274,PJ5oIWkzDSi
165899,9003,0,976,Qav4BEehXIB
2538,134,0,0,S4u9e4C0tlq
89574,2117,0,175,VSLvRqFi0gv
29044555,0,0,11154,GkGfaE07sy8
6468,104,0,5,EJNAR3xvBSV
223690,5876,0,359,EUwUIQ5cG7o
2274,116,0,6,SVDlDQItN6D
541,8,0,0,9pDbNyv7E0F
1740,28,0,0,oWwLTkBYnel
273,35,0,4,C4znZARrDeH
134,2,0,0,gPpwVi3PC8A
27866,498,0,74,KaE65G0UFx8
1401,6,0,0,cZXboP8vCyr
1057,19,0,2,RoWQkYn5bgp
863,30,0,12,mLSOJNpyTZZ
228,13,0,9,RdUZxMMwUHP
1775,91,0,54,bSX4R6B3wG7
75892,2220,0,499,HThPpuPsR0C
1831,15,0,1,4BIYcHMvlRK
91550,50,0,1,1SXGVegqyIE
1357,0,0,0,f4dN9GLUaV3
64455,764,0,180,AFhvvVnMOtT
3206949,28807,0,1212,NdmywhcFet4
440072,7258,0,275,pIZ3qJEPYpX
337,0,0,0,9zByEv11b54
1171,17,0,5,NAyTKAnepud
206,4,0,2,C7Fn7XSmi2W
28452,1140,0,113,FaHRCB9Dd1n
606,4,0,0,WwNKYhu5YdG
2686,36,0,3,CqUsOUlEq7g
3759,104,0,18,ZMhMAWBAPSn
8856,31,0,0,H2yn4UbhS0E
333,7,0,0,soL0AabdqVy
721,10,0,1,VuJgcpHhNzb
1272650,77792,0,749,3OtnJxXAyz2
38020,366,0,24,YHjbiGfBmjC
282,0,0,0,28tA45v1Mdy
5210146,80260,0,2576,LORs3DrnaWq
455,2,0,1,EHfTJKOHBMH
399325,10585,0,1084,TNF0OyFd5MC
43199,2716,0,59,FhdG2XUUa6Q
962,0,0,10,fncnpBBH4Mo
1397,31,0,27,wbQm7zvExPs
1018,48,0,12,3G0FP9q0zh8
4615,76,0,44,vZBsxZYyVAz
317,8,0,1,Y7BdQOuJj09
9537,332,0,15,9bSyqcnt0rY
587460,9802,0,306,602Egmd9bUT
9162,306,0,46,ghxxzv0IYEZ
44641,4202,0,12,4knJDa0HDav
196735,13141,0,316,NjCJAz9vimM
9834,331,0,1,173WfZmbtxg
1822,179,0,3,JeTpnwFY7qJ
744,116,0,3,8UWoluHnpae
298,1,0,0,LDLwB8UPZd9
3936573,373238,0,993,zjoCtFDM8NQ
68,1,0,1,INlwNNMnV5G
10228,49,0,2,ZaewNZnuZJy
9394,486,0,33,7V7fYjlqqto
438,8,0,0,6TnwgcPRwRn
2256,73,0,51,0j0R6TtsgDn
35980850,924934,0,15342,2pjT8DeKEiW
25319,321,0,22,lWsXTpKPuQM
4476,26,0,0,jz4atv4rp7I
4006,45,0,3,7qbQHj0zYh4
636879,13199,0,471,ZY4DEDumqR2
1612,34,0,1,nuMux7BerEk
326,4,0,0,xt1TnKL6RGR
6099,30,0,2,By3Ij7RcX4j
39,0,0,0,aUC1nHltpPD
192,3,0,0,3bW3XtET7NH
1251473,6716,0,110,sTd7TqbPyGO
148,11,0,5,Wpll82SyP49
659516,17811,0,1435,s139Vo09xAH
357,18,0,0,vWjmP60zlHx
77840,2316,0,117,R7xUQapjvQ6
110757,3765,0,635,uo5lkf8Ol9y
74,0,0,0,xsWqcazOHea
4055929,47679,0,3397,qi4JkG3xLCE
142,15,0,9,WowuhnZWco1
3187585,159190,0,1654,iOaqHfiPPCP
13931,243,0,24,bnttBtaiKy5
10385,250,0,17,KbmYGRknnBO
414180,9046,0,345,DRyrybSCQ4a
278,0,0,0,I9bieFM5KHL
182,19,0,9,zizJ6gl3vPX
143,2,0,0,fOUiYCqtHrP
1784,35,0,7,eTPMoBrrOAr
2884034,26036,0,713,7L4AjQIHmSI
28957,76,0,2,8d1getA9DfP
2418,23,0,2,0gTSgQ486Mw
15659,398,0,14,I5rQ4q64aW9
332520,5212,0,446,8S2oCBIKYI3
157976,1484,0,123,vCk68k8TumU
1382694,24905,0,1143,JGARVlOQ9HI
921,17,0,4,aBknURBF975
370,5,0,1,7kPClAmUHOR
82071,3943,0,54,tVNyLf98YXn
3220,12,0,0,KEphfGYE7js
2875,195,0,16,E7rKqZX4NaG
717,14,0,2,BnM8WAFTDyL
21,0,0,0,8ZnN1J4Cdwp
204,2,0,0,9kJUB5Wblkw
80068,2359,0,158,uTAgL0bGviJ
96309,0,0,1429,B9NdjuD4nVX
3455,60,0,4,q5vekSt2xQR
23,0,0,0,kIIT2s15irX
656591,14089,0,439,JcevrakGJX8
8193,25,0,4,4lV1tdJgRCk
804562,39050,0,962,edXHEEIjIl2
419,5,0,1,M2q5WCYhjMT
930,38,0,1,cdoHqyQAa2z
71094,2256,0,138,zxPeQw6bQwl
391,1,0,0,HcW87HMuLu1
4604,65,0,15,whtXUlKkCsK
1042,4,0,3,aSZENfyObZV
10777263,84363,0,2298,ADMtCoN9oKu
3467,303,0,20,toSQOzAelyF
758,5,0,2,m1VekrTmiNX
1851,102,0,0,IeOKlYbWF8Q
16391,171,0,36,hLdlG8TYmuD
156,2,0,0,eeQ7mXyAlUF
8746,52,0,6,UVfiPJXndHE
7848371,107338,0,4265,7HQLBAOIkJi
407782,8719,0,575,DmWoAN8OF35
399692,32645,0,259,08tyhZiuPg0
7304,104,0,17,g3XbsU2KLiU
169,3,0,0,akq9g1fyHWw
1730377,22187,0,1624,I4fofCAHkDk
9969,300,0,46,9q9N1hJ2imU
1140,53,0,4,dLdZ2FaP3Y6
2250,156,0,6,JPRKachXHbN
260836,4090,0,208,zDcHNyrTiIb
5715,116,0,7,hEg0EjJrUQV
168,4,0,0,42S61T1qMzi
649,4,0,2,7cUR7Y5t4ks
1096,0,0,7,xlS3VHWL3rR
1362161,34388,0,1733,C8DH1YRJuvf
90,2,0,0,BTTzew8MR28
1008,27,0,7,YUjLUumEmGs
1757,20,0,2,WtQQskkp77c
39092,4440,0,34,BttUXcmCXVz
8710,134,0,9,wxvQaU1uQAA
278164,6624,0,468,NFYPgBm8tcf
50054,1777,0,439,u7jvlpZ1HVZ
111,4,0,1,uLN97o71u4G
54189,1590,0,90,j6PHta9FXxg
111069587,3184256,0,43160,crauIt72f9D
1493,20,0,1,Ukc9eFgBLhD
1460,23,0,1,aF83LyKaQIo
900030,24613,0,1861,YgqqROPlKLp
7324,105,0,19,kZMN0gAgXJr
758393,4962,0,2764,vYnRHWfiIam
19,3,0,0,2JDqe89GdcR
55648,1617,0,163,1bRllXgTCj0
1279,27,0,8,2kipiVVNGhJ
585,2,0,0,L3uFp1dnbmV
2621,38,0,12,f2K4kjbIjDA
6688,514,0,44,ylpaAZ8MpsU
2702715,50245,0,1197,zFynY29WAZA
490,25,0,1,aomZh9Lce9D
561,6,0,2,FXQXlvRZE08
1338948,7071,0,288,qkwTuagdR9c
170434,3648,0,206,mEzgfXOfPqj
284,18,0,6,5xfuLMKAI8h
7599,242,0,13,9baEMFgm6Vd
25509,141,0,11,6BzhXjsFx76
37458518,1887090,0,9743,4Zo6DMi6kyn
2144476,29934,0,810,BWqbXAv9AWg
894,3,0,0,APvLbRBKaIG
4465,73,0,18,5rNTpphLnRc
27455,1123,0,229,j4JVOKv5crC
49,7,0,0,rI0z1a5V9Sm
1312,22,0,1,Fbv7h6YYTho
1330645,125540,0,738,U66keH9LrSe
682830,16414,0,402,HLBbRXrGngN
1057792,24409,0,544,CiPn553LP9V
145855,2496,0,152,Q9NhkjvvyXL
1171902,11391,0,456,YX47KsZicOw
242,4,0,0,22SBUkmQ04e
2059438,196639,0,459,keNq2faRVCI
21634,941,0,114,Lql6PUApA5N
386,19,0,1,UVMnESacVCX
956815,18207,0,383,YSGp7dHnBf9
16086508,977100,0,2640,aXVLFmbrGdm
2674390,231038,0,892,QWEh3IDz5mW
5766213,40373,0,686,y2DJgYGT1dJ
9949465,40877,0,646,i4JlE4MtGAc
610,38,0,0,6wxICFr9jQq
11811,268,0,11,Z3e6im6sNs0
424746,9846,0,362,knth3SLu62l
71764,817,0,263,v0GOUi5pKrF
2371291,21643,0,507,Tym8WBluOY9
625,15,0,3,0vBiALSCyfk
99144,5646,0,16,4rUktoV8Mmo
119072,1298,0,143,7QgcTukP4SF
33768,852,0,220,WKUoCTn76tu
2194,70,0,3,yM3hx2jFAiw
1261,0,0,1,BGuVsoihXM5
452,16,0,0,ryfe22HZcpT
135354,4959,0,774,1I98vsvpVgp
42,1,0,0,JNYLxYButEb
2786,49,0,18,cPQS4X1Y03f
56678,2879,0,122,k594TGNrghc
355,3,0,1,D7kmXuiD5wf
11085919,162891,0,4140,OajQdtBT2y0
380,4,0,2,PDdeI187j8M
21156,171,0,43,z6WgG5Dktzz
23883541,1156038,0,3946,SUJx6rxu7Z9
3761,0,0,4,FDJkdUyqyL1
5144,61,0,13,bg48O7xxi99
56833,1216,0,159,vUTmpp0v4pB
98327,7820,0,30,FtzuJhdcSPv
5566,233,0,118,FCNQl1zuMie
19391511,246054,0,13877,gNNdJVof48F
1479,119,0,22,GBpto5IbqPo
44,0,0,0,dKeNsg6deRX
3767,79,0,24,ulsCxWnkklc
1739,52,0,0,TajWEFIDpBV
3361605,236017,0,1107,flJNKwI9ke9
503,11,0,0,JppWzHwVhSC
49,2,0,0,QUP7CLvr9Li
4111,69,0,0,lQCKGwFVf0Y
1250,25,0,5,WlBftqbjHJz
1855,28,0,0,1PgACPNNQFG
2481411,20878,0,1368,rB4QUvWc0ob
87986,392,0,20,jrV5mewelwx
994523,17454,0,699,TDg1irUy32b
2357,95,0,8,vfjqNmPFhFy
6715,0,0,14,HwIP8N8Yojw
395,0,0,0,56Hi4IZWI77
209872,6676,0,428,IhJwaM0a1OX
5340,117,0,15,a1VDge6MbEh
905,16,0,0,jnXK8xVZMjc
44815,1203,0,135,BS1T7e2gSF0
455,13,0,0,wxZPui9EhcF
4626637,378738,0,1943,R6Wrigy2m0N
2437,23,0,17,u2nvwPabswK
27492,201,0,5,r5Mu1A5VEQh
103867,3089,0,290,AlsVhG6AdTR
462763,9836,0,939,Jv2WQFalw0f
50,0,0,0,PkHMOejLYNt
206,0,0,0,vonSWlr8M5Q
556870,11378,0,533,iyythMYusp4
34620,1902,0,15,WiZYFRkWjTf
30063,244,0,19,CW1O8XwsATX
161246,3238,0,448,OqkHKGaFDyV
19269,551,0,66,CrxnbPaoPSA
4568,103,0,46,D432kqF2Z1h
12376,252,0,3,a6FH5rTOpw1
140120,2549,0,117,8LtRX8Vpgs7
2184574,19560,0,1005,Gdco7Nkw14b
756,28,0,6,cOuTWBZlhXj
119,0,0,0,3CPXC3qCksD
257689,6690,0,212,xTtK1wFlLpD
4574,465,0,16,pEYh5rsjKXV
26397,765,0,116,1IIKlr0RoN3
346115,10883,0,528,0IGSMh1jY4l
3591,46,0,1,4IQVBMfOpts
732,3,0,0,FRfd9JsCKXJ
954,7,0,3,oJza4FVkq3H
2,0,0,0,AGMrvCfgtuB
7888,106,0,18,G2FZLChOqYA
224,8,0,2,YtP5NQkVhrM
2097,217,0,10,XRQkPy6mY0L
97,0,0,0,oYPXeTOaiiO
11922,49,0,9,euzitk2VVCw
233,6,0,2,uGIrBypAy8S
1030983,46354,0,1636,8DMCShWGvc7
6319,83,0,4,2X9rUQ9eYrk
2326,3,0,0,SdJJAh1okRH
161,0,0,0,7omZ76IUeNI
2765111,32356,0,1623,PRLiJ09O9Lb
125243,1743,0,49,b4R88MrlpZJ
161673,1025,0,47,GdvMgfFkzbP
1781631,53650,0,1048,J2RNtXaPZBv
4,0,0,0,DbeQMcKdfFe
30,1,0,0,gJcvSu2sP61
837,17,0,4,Kd4F5F32vZD
94585,2470,0,125,LQitzLq3XgR
6900,175,0,0,oM4F56i3v4o
6397,230,0,39,8b0FJE990sS
134,6,0,0,NEnwNYicNZd
293,9,0,6,ZWwqxyz01Vd
5187,86,0,1,WRAZP0e3UdU
178,7,0,0,UEOZMKZyKiI
49726,535,0,173,SMkIs7QMUcC
147863,3495,0,157,vQLMuEaCoKN
451778,10342,0,506,lmHadyfRDL3
365,5,0,2,U2GNNoCUCyk
36646,3202,0,37,f8bfthgee6G
6404071,55579,0,4414,qwtcJy1qJQT
315,9,0,2,MbIAF15LxrF
327842,3007,0,111,Owt2ZKtN1cV
1376,73,0,13,eSFdBDqNq7V
150,4,0,0,rMRTUaStWtB
1508,67,0,2,BMzezxuihRq
1700,17,0,5,KLQk2gBSs4l
6956,0,0,6,z8nSAbtVmXE
21045,219,0,19,2PFiyoYeokM
1444,88,0,14,TubGon2AKYx
204651,6552,0,234,ZqJJPFZrosS
7329,45,0,2,jIv3kmVuMH7
52,1,0,0,0vdZcGo9eHn
1782262,28228,0,1402,aoQcaaadEXV
2303,47,0,1,joA8IkftIIL
1010,16,0,1,25lsp7JO1Jl
412,8,0,3,1XFQexy6Fka
6056507,279870,0,4853,aKeFgOqos3g
181,4,0,0,OqKBO2MTAxC
956,44,0,30,qTfBr7BQZKk
175,5,0,0,gcOKdtL6VcW
810,5,0,2,VTP6wbpGAzY
12920,17,0,0,WLIOQXFgSqO
1045,105,0,4,seJSn68w0xP
38225,392,0,16,G5qbWVAS293
18,1,0,0,K4kxVOsnXn3
439,7,0,3,5X5Zcmq8037
30876,726,0,87,jmLUTD9jged
18799,454,0,94,ToLXIeitPEo
408,30,0,4,GrL9ENChbQF
821,1,0,0,CihEU8vJbhh
2576,26,0,0,MGn1Uvo0Osl
1891,188,0,24,BKXS40IlhKl
1850,21,0,2,VyK3q7Cp6Io
181,5,0,0,XOgXHCuFEOM
1828,72,0,26,5hIKMNMT3Te
2135619,20549,0,0,i1tksPNiDPH
991337,18590,0,1870,zBc6diaqwCO
9038,40,0,4,fYYCwtlS4YS
7842,305,0,23,2Qw0pdx0kHM
183,5,0,0,HnLMLz7Yqbn
449,22,0,7,kGEVFJhflRa
1395,12,0,0,hiWhq6QkdDe
98839,9334,0,23,G2laJeg5QsR
11064,330,0,202,I0blQ6kvnia
1467,2,0,0,SD5u9LfPnoF
8608,0,0,26,qunlftungps
5945,43,0,1,Eobsi3kGmBZ
7453,624,0,15,1RzyPcZkLeA
113034,2357,0,130,0NH8s9Q3ktn
1920,46,0,5,geX4Lx6yJKb
10121,324,0,1,hzLh1NnZDMR
157,2,0,0,KLO5SvXR7H8
17,2,0,0,S8Lj0G7h1nP
4087934,170321,0,843,WIlj06n6XVu
308,10,0,1,WyWbol8KQ92
2367,20,0,4,yltoEQ0xmgC
9,1,0,1,6jVp3p6f1Cl
86,1,0,0,ffHTtFub7DV
651854,15518,0,364,0jfDoyQfoGc
119,6,0,1,WJqENDaazU1
410279,9949,0,832,G9heAGekvEC
531583,7180,0,315,l1DF57FTsFm
190,6,0,0,OTtxRMP4rtx
24858,335,0,17,Aua9q0uigfQ
76442,5860,0,27,VMArCvLOY2A
11197,108,0,11,Ga7Rt9QYhpb
50,0,0,0,oHuOGl7iYm2
247292,4388,0,86,IPvxAEFasAT
63145,1713,0,379,CD1IBXrKP0H
613,10,0,0,d4XG1EtluUP
89,1,0,0,DCqhJlLZgoa
178,3,0,0,Y5P375sQj1s
198,1,0,0,8CwjsRcU18o
4495,45,0,6,DwL6Tld0Bve
2367,85,0,0,Crkz5JIXbsh
90,3,0,0,lIYUCkvvqdn
12098,153,0,58,sWJjTUkKaHD
1155,0,0,2,pFyCgx11Xlj
562,1,0,0,xow2kTNSZqS
234,1,0,0,zxem8oCCE8D
2526557,24770,0,728,blwUXLpjUb0
91,0,0,0,OV9RmwVk4dv
31,1,0,0,kj8lMWbY3Ni
10847,142,0,13,B6meIT26ReY
12,0,0,0,f7cnh4cygYU
334,3,0,0,p6WQAmYJM3B
753,17,0,2,UIcfzCGjXCf
1467,6,0,0,7KCMSyMFGOa
591,7,0,0,8Yv8oKjONTE
1300,12,0,0,MSipCYhzluu
907660,3664,0,875,eBthRmBPHfA
21,0,0,0,509Nr8Mjn0K
4156,152,0,38,7hcSNCeyNsz
141914126,3062795,0,30416,gcmwFeXzIQJ
1635,32,0,9,L7xYFrZj6K4
600112,8605,0,748,slhoLNEuFem
3192447,252706,0,1616,SnZe6vhmJH3
704127,3667,0,1115,O39xfrSyi5C
5351382,50298,0,3683,33TgbSYXjhs
106,0,0,0,Dp9cutQ02CH
24513,658,0,49,rLBpzqZIMFJ
251,2,0,0,vo2sAcdyfiR
8132966,80648,0,3287,rQkrXVtQFPG
437701,8032,0,392,XS4dC4RKvx1
215381,16389,0,206,1TJyOON0fdw
95,7,0,1,URsV1qpHixY
62,2,0,0,wCTsuBNBYOQ
855,21,0,7,yH4RvQvoeHR
11542,34,0,5,JS4FrE2tIPk
350334,15720,0,1131,rJ5yuma8Wal
137583,4007,0,164,mmXy9yLHll5
787,0,0,0,5EMgtNuv7LE
1347312,29579,0,641,Wh89kPvvKuf
3279,27,0,4,rHvP0sv5YnJ
834363,13475,0,667,2xRsGkBshLO
4407,231,0,6,TQxaAagnLXg
5485895,96814,0,4169,hK0HuDHgEqW
14997,733,0,74,gEjrqILgPc8
93731,6730,0,37,aOek4W16ecb
15731,290,0,18,OPWYwooNf4r
210,2,0,0,G3Rul1lzWcA
701814,24433,0,6382,7zXsj8ZULwD
47760,540,0,146,3PMrQE3bWbv
257,10,0,13,iytXmdNA1wG
507638,16632,0,166,v12Jfno6SWj
113,2,0,1,Wk4xZBvW8Qi
1554,131,0,37,QXuL9uFrW4P
691,38,0,2,37argJqAf7L
127951,3295,0,709,xKUUDM9OMOB
6570,2,0,1,Yzdr0RuwnDb
297788,13510,0,170,ePOOM0gNkkR
3100357,47773,0,671,XPCoD6q5BtT
111,5,0,2,UONbtcPZZ2Y
1757,28,0,3,ppcGLc1nFbG
10641756,213184,0,21988,egfTZ2UxnpE
30977,1754,0,250,l9Z3yc2oGb9
8727,12,0,0,H2625jaP2Jx
109,1,0,0,6hkMGimNaDn
863474,15928,0,758,LrvGCarycSc
475,9,0,1,whTHWMA13zP
7124,163,0,30,eOdMPt0VftC
143,2,0,1,JK2kwSKqDz4
7845731,560912,0,1374,JyT2zzITeQ6
1085636,5347,0,119,CG5qsYHpfri
1353,83,0,3,VOWFR54989D
11293,591,0,6,85cvfUlQSeS
710046,74613,0,1384,c9SQPTDuo5W
3035054,35253,0,1408,akNUZC4upTI
605,0,0,3,n2EWkaS4M4D
2401743,149958,0,1931,NQ3ZkfT1ESC
1329,2,0,0,2ma7MAPBQoI
319,2,0,0,2KPOKiWtdzD
1937862,185076,0,491,pGypLU61hsg
38,2,0,1,rOZsWb3WcpE
2101024,41134,0,1930,bTKuovMtL5b
1425307,34894,0,1267,LP5IDAajRwE
317,1,0,0,KMM5b95KbzY
137,14,0,13,2VjWb6sYLOv
11512,599,0,39,Q0ggwPRs1nY
30168,426,0,209,cEwpIbPlnGG
4589,12,0,0,Oxmzx6IQEQ8
5905231,396617,0,2493,l68BLJzzTGS
81,4,0,0,MAo8uri0Tfn
1310339,23422,0,805,oJJ0j3tLnbx
4071616,87012,0,5524,UikGg7RUH6S
3316568,50523,0,1423,Nj3zwaxHt4E
338006,7568,0,212,xIscJgqRfO2
2118,192,0,11,XTRaOWngEbM
17,0,0,0,fWmkLCrcogl
2503982,98684,0,1308,DSyXy4CroDb
5316,21,0,1,X7WZ32cXyG7
20,0,0,0,ZiDGcgEYMTv
384,3,0,0,X9njZmofD2d
891342,37615,0,692,TyFixbaP4d1
4973,36,0,3,4Fj0HsoAeDG
5904,339,0,82,97TXlZyOX3r
42963871,357443,0,10207,ByUY8HreYTp
169,4,0,1,cHM6cArENqN
2075,47,0,4,mLXpFFnznDI
39668,1115,0,2,0aandoilcmZ
89643,1334,0,23,tOgpzwS4e6v
473,18,0,0,KOBUbyEpLLr
649020,12002,0,474,lPP7oNxwlpQ
1206313,17795,0,1309,jkqI1y1ZCOt
604,4,0,1,fuQBTZvy1el
109,0,0,0,3LeZhtMg6yB
4305,126,0,8,0rhE1Ub93jW
8373,389,0,4,OiFQiCQKeXZ
41833,493,0,13,4vURaOvNhw5
485,8,0,0,jBGXL7LOyJ0
46985,291,0,11,E5E7cjqeiKV
3979710,100077,0,2584,tdz2hBYMtfx
80021,2107,0,271,L2MwrpZ5ZEB
12947,500,0,47,i7xSx509juU
12916,93,0,22,hdaxDsBf2Vu
516,3,0,0,M4Ao4qpRbmt
430,11,0,0,6CmrnMtIXmU
1922,8,0,1,xrrDI1pQVug
2055081,85323,0,1127,GN48JQrWW3Z
1878141,32236,0,853,wTbZftZIR73
103793,978,0,102,4XqtaU2vPVH
81283,3496,0,20,LgWId89kWk3
467306,13063,0,200,EyCPkZoii6C
1944,0,0,14,DNEEKJYxu1b
407,10,0,2,GfQy6ZWxusJ
226,11,0,4,LRifzYbz8UY
101103,7683,0,55,tLCWXo6Xnkj
690428,12225,0,313,PsdEwQPwq60
661631,10101,0,1363,6nW326ASZvT
2259,61,0,0,RXElovALHEh
28761,0,0,0,Qx1COHJEC06
134,9,0,1,UZatgcPfRSS
86840,10798,0,70,EFycRrOoepk
1054,19,0,46,8J6GzN57PLj
6729,112,0,13,63lMTquRPnT
2395,38,0,1,Gmxf5EfB04u
889,30,0,1,SxQzOWmlKDW
247768,7361,0,412,W1Po8LehKPb
402,8,0,1,9O9RBfvwbiT
27,1,0,0,6mqxpwdsIwG
1636,65,0,3,RODr5XaKrBs
11712302,892233,0,3749,WXY1sn7WbQK
545217,13896,0,603,oJ2PIH3T9yV
50,0,0,0,JeT4ekqxSbm
1685,2,0,1,YoL1W9vCeM1
1342,42,0,0,jYeX2wxPqda
1478,0,0,2,fUHo38BLD1r
66,0,0,0,W38dgNnZqY4
5872,52,0,4,o9FFEOHq8nH
1179,64,0,2,xRD3MVR7Zj5
776,43,0,10,mU8sSGNAtm1
245,11,0,1,nq5XkXRu7d6
6305,40,0,1,YpTYcs1rIhB
240913,6906,0,188,fwlV4RnjvdX
1489,36,0,7,P1F5DEiKnwH
105653,838,0,104,JdddsySlSPC
535,2,0,0,wzzhEZEMjaC
45197,1242,0,289,T0Ai9zZfRAE
20,0,0,0,8PTpMA3ppLf
56661,967,0,36,JlgaHDF6qQu
10,0,0,0,Y74LlKVqpsV
35,0,0,0,lpbnEEugl6T
49,0,0,0,r5Ry1obR7r1
2456625,39688,0,2199,YSENv9S8d4S
3797,274,0,1,OIXpiYVVY3U
686,4,0,4,ktL2P0k660U
17208,343,0,25,XqvtCCG7QrQ
12581,614,0,8,RW8d96df2g8
3622162,61611,0,2090,qh1uoi1dqSh
352,10,0,2,3b4nNZfAC4E
1642,16,0,2,CbNAbby557B
4569946,208680,0,1570,8BduSEsjWLv
7203335,119013,0,5032,moP8yRgCuWc
251,0,0,0,9zynIkdhCOu
5381,80,0,21,3GiqPoPAY11
83926,8652,0,95,I3azZF2rTeq
7665,28,0,0,JdDKxH9hhfs
2743164,188881,0,2480,MPJEKdsfHQq
51487,1827,0,29,CXhPO1fdCBk
35,0,0,0,aQ1RciVSEAx
30157,302,0,58,0qP15XI57Sg
4712,1,0,0,OsqNNHmXG5S
91,1,0,0,NLeI67W30LU
1871705,23458,0,627,ozx8DnTADnj
1503,23,0,1,xfIHf3V4rRY
26950,961,0,83,9bEkE9FJO8v
3132393,123376,0,10795,4oDxnwvtdwX
2494009,40193,0,2589,3h9LV7ugaAh
10,0,0,0,641IFUMnd0v
406,1,0,0,B4T4YnNDODy
10056,0,0,18,GvVPE61BLb0
4805,3,0,1,hEgQujPWyfA
142,1,0,0,WvLrL9g8i1u
7,0,0,0,Th56kuxOENY
44,1,0,0,jLlKWKS3GOT
2497,23,0,1,jYPDI4eJWbZ
41713751,1192165,0,9792,4k2ugMq0ZRV
295101,5475,0,233,ILoSZ40tnuJ
173,11,0,0,kLoWBsAGTXy
116044,2426,0,160,8sdE3VCVQYR
15572046,138837,0,3720,1K6KlCcT710
428,12,0,3,PXyaJlj6959
339,2,0,0,rz3QP2TwXW9
5572,19,0,1,bsknnNVun6T
108589,1890,0,112,uDZlJj7CBEP
130,1,0,0,cEoUDAtzNBc
5333054,354190,0,843,p4dPifw02DO
1303,17,0,0,yXot2gaIvXQ
5534,55,0,20,IlHgw2BjZGQ
150,9,0,2,Aly0SxYz11d
23489,660,0,76,vyMyvvXItzZ
1012,4,0,1,PH7N4e8x9KY
6318,185,0,3,oOgmUBvQYiK
49,1,0,1,hzj8xt91F8s
2095,14,0,0,uaP11hnCYpr
3068860,70027,0,1474,nzhvKE6LhUZ
9,0,0,0,1pXTARJnzrS
6179,70,0,2,VWP6aJoNFr4
239,16,0,0,YJ4KyTmOI0x
790,21,0,8,DNh86JKrvr3
479,26,0,21,4riRwBnEWqz
7807,194,0,17,t6GUtJFyOeU
6500,139,0,27,5CG4EqJCH0w
37423031,2029708,0,10062,DFrq3jZRyYM
3368,80,0,11,yZvcobP9Tob
2130,52,0,10,uHQs2cDFlOx
1397,43,0,0,oAOwewz4mtP
38,3,0,0,h1BLluZBiyp
3683,44,0,0,KRiqISAM3oP
369,6,0,0,25XcWFIwM1a
33015,366,0,11,WRhZ4qohIcN
39876,1446,0,275,X1Rmwui3xHa
59,0,0,0,XL14rAeuaaG
133387,2789,0,131,ADqkpM9geih
783555,17803,0,370,K2l5guwiQmq
227288,7823,0,519,mOnCdSRI8SH
17,0,0,0,v4rhiu4Ff5M
203,3,0,0,diS3SD731P9
2228684,77064,0,8090,9DRTi72jNOV
47,0,0,1,yqwZxNXPHAz
33161,1118,0,155,R6dUhVPpwNE
22207,376,0,70,FgmzUQADGko
6222654,68764,0,4871,ysMHVhAU38l
1162,25,0,12,JxMI8DeQ1O5
23695,216,0,2,zSYyMEWclmc
181,0,0,1,4N6DsDQN1SA
360538,7239,0,279,sRebWmNW7OG
78,3,0,0,L2pK2QuUTZ9
5,0,0,0,lAASx7NLhSo
279856,10006,0,304,diY4r5vQ35a
6023,128,0,0,SjglbjhgnHB
1185,0,0,0,PIh6fx0pKy3
254,1,0,0,cAF9IAwIAQF
56250,5320,0,33,wYOf96vv8V0
2161,40,0,4,W8yXJwUES8Y
13213004,138754,0,7424,xbMegoOtNZJ
25598988,240389,0,10479,2nfo13ALFaH
4,0,0,0,7j9Adxevxmt
51,2,0,0,Imv76Ke40HD
265711,1912,0,74,FlYeWiu9sEQ
1895,37,0,0,IfkXdAXviFb
112264,1846,0,99,tVX7waX9D72
37,0,0,0,Hiud5ixDXlw
15279,255,0,21,iTIbthg58et
23,2,0,0,xNzKoNPlC8N
2260,12,0,0,Kg0JLjYubeU
3099620,279396,0,681,r2MYvx04mRW
36,0,0,0,jgc8UcPtT9O
117372,2983,0,133,tV94J5vzLMv
24582,353,0,11,rC4CXtZtwry
1008125,19325,0,867,BvTwSSIh6j9
413,6,0,0,uCwr983WI0u
297764,8750,0,1157,SLEocrDFP7m
93,7,0,3,NRyaRs89VKR
1165,0,0,4,x7iwUiEERks
4479,32,0,0,pvhgkx3Mk43
56035,5455,0,22,9qGFpXOZcJ1
298,10,0,0,vmz7I4A7CFc
275550,5001,0,268,x3Ugodno4GY
143,0,0,0,TOdFsTYFh9x
21785060,1348816,0,40904,uYPea0z24qh
40,3,0,0,WXMeA3TcEFZ
62,1,0,0,kGMo6KfxHII
157495,5372,0,307,Jl9xQNKf3mK
147251,1282,0,70,PwLFlUwzk5U
46944,1097,0,142,1zCKEL7AOfB
354,23,0,11,iwz8fwBNgVd
320834,2324,0,267,adqF6a2nwax
2026,58,0,33,QqsyR2v6C1t
17683660,456958,0,10857,0IZWtLS6Pb1
4743478,435823,0,1241,uP8ivtVZHFM
22676,339,0,69,mJwhtS2GoT3
3726269,32501,0,1787,n84yU0cHXEx
496,11,0,0,OGN3tE8ScLp
817,13,0,4,1IM9nEQduGW
1050,2,0,0,EyvATZ3ILnQ
32260,768,0,101,5e7PhOtgj6C
64666,3018,0,49,3zC1AdqL6XH
16621,180,0,18,bBSb1fEXDRu
7644189,549027,0,7071,H016p6pkbBm
184,2,0,0,r32TKrsKvLl
916,27,0,4,5FKjpUQ3mK3
6644,52,0,0,kCKGSvB24lv
20462845,376333,0,14035,i63wT4VJmNM
167,1,0,1,uVUfUGgFa9a
354428,3406,0,0,cCcB3sn1BDQ
408523,25269,0,1389,EbbsXOkil2u
1,0,0,0,uv7yZCVOGR0
2706,77,0,26,SrX4bJyJLRk
15602,538,0,9,xEeJWDhn24x
119333,2665,0,237,16tFm0ZJqma
1073,17,0,7,UTh2GExYXzA
782,26,0,2,9To5XVNzcgR
2566,24,0,20,Ll1YfM7bAdx
322498,7272,0,203,3NOKrWXAHXF
48146,5319,0,60,fLId4q9ql7O
419600,12660,0,541,UIgKeiTZJdS
1553819,95676,0,410,rQPkRE8SEl3
647,1,0,0,LE4mNMjcAxl
97,6,0,9,phUOt2ZB7xW
1622192,24158,0,840,bw6LTtTIMtG
43513,805,0,90,wngteSEujCi
691105,24309,0,874,8m2P49LocBg
37628,1312,0,94,0zNjuxIYZQU
3711161,41429,0,1709,lW2yQmgVE4m
175016,3729,0,279,zPC9Pp2Bnci
8535633,73039,0,3192,zEy7nQN4RF3
2232,18,0,1,svgYyhvzPTD
64,2,0,0,ru8Jn3IvvJo
1359,74,0,12,oyoBfR2mLeN
697223,43286,0,374,oEzSflwBaEW
54,1,0,0,TnS6sFNHVD3
5873,287,0,20,zSPaUYWgwcb
36,1,0,0,Zpbuw8H7pKr
2315,46,0,11,878oMhcbMB6
683,21,0,0,JaMj4JK0UlO
1519705,52752,0,2233,V5SSIiNFdp8
2050,32,0,2,2hq4cDsdO39
1268,16,0,0,nPBVVSjEvDo
1955885,118955,0,1351,HI1rIgYAG4u
114,0,0,0,OojWUgjzaMm
44622,555,0,24,fbPBElfqnNr
1961133,46522,0,3484,TSu6XVFiuZG
95400,4616,0,74,VZVlH8v16n9
349,1,0,0,U1JJ8f6L8mb
695468,10782,0,567,TLUO2Txm5Tb
48199,437,0,131,ZpdPT2onIY7
6474511,105251,0,5584,JDKXdlXyfnl
260,8,0,3,qYpSKCS4a9G
127,1,0,0,WCg3Hms59Uh
5420208,59886,0,2650,aCoRAVQLLQa
2274,143,0,2,40AtAJlEPVT
55494,909,0,13,EV9IaliI1C1
582,2,0,2,tKwJ6rYssNB
1023519,11218,0,1521,8Bkq7dHL2Jo
4744,32,0,10,kbSepGCKMys
436914,10361,0,247,Ca05X0Me7Vb
4,0,0,0,cZyDXpNAlt4
143,2,0,0,vEMYuuMafav
31,5,0,0,6350t8dK2GA
1661,36,0,2,wNzCC95yWtZ
2798,26,0,2,RXyYjUbKJWu
4661,162,0,33,qX0CESAdW1r
5,0,0,0,cenBbdarZyZ
2003384,200642,0,721,TtD52GUullV
4180,76,0,10,NJGg5OKZelG
221,3,0,0,ZsocjwkUGZG
1442,13,0,3,KvIP5001j1h
4912,44,0,1,GXT17hlcjco
48428,413,0,10,orW7EKBfbgS
40566,423,0,70,5g1DQlynwO0
115,0,0,0,tRLOwfDAgwf
105396,1383,0,144,J1XQsVO5Tff
491,4,0,1,hvWZvSOguGM
357,11,0,0,ajAS8FuP5H1
455,14,0,1,j48WpcMrDSQ
8796,98,0,22,yfD5BleL1Wz
1350,3,0,0,6vJ3GYSGQNK
22621,394,0,48,cm7UmScGCFU
2011431,28318,0,605,N63ee9DDkoo
18520,216,0,24,bbItd79LZFS
3836,30,0,2,7LG7HoXAKwU
551461,6691,0,237,b0l4EYPFGLl
449962,6086,0,262,fwWwPN2rldK
107,0,0,0,M1Z21JonvIl
1311,118,0,3,hji7F1ilIKn
926,21,0,1,OpxheCsNXv2
14092343,193250,0,18185,VpSRVpLlge6
1559,57,0,4,2TMDlKTz06c
1420,30,0,0,Ff7DENMwwjW
2763438,33731,0,8226,WDyXrVhcgsx
48,1,0,0,sbSZ0Hnx65l
1322256,17104,0,540,F5BacaWxsCu
124,1,0,0,yJ2psY11mfq
195,1,0,2,dg1nJrijQx0
726,61,0,3,EHAGFqoBxOV
867250,11425,0,702,xLvn9Ra4NIh
1055,20,0,2,XSMVD0O8Lni
7244,136,0,12,bOrY5ODh3vv
115,0,0,1,E44rLo1GbQI
188836,5309,0,223,OZaLczqoKfR
219,13,0,15,l0XWziFJsfe
2096,210,0,14,1QCPemdOIVi
1494517,48668,0,1628,w7qofU8BiKd
364358,9708,0,291,5WrEay3ispv
128,5,0,0,LzaYxUwCVNN
15831,619,0,76,a6sFHUTZcwK
303821,2766,0,0,s5IJfVLSyaz
196,8,0,0,0whYo10Ak8R
1578,16,0,3,VxQ2iRhHuyr
920709,14076,0,618,0ymuf0TUEIl
14384,62,0,4,5shImHgAdre
932,53,0,23,5N8sug414bO
157,2,0,0,2yAzQa1lGXk
822,20,0,11,F7gIrAoP4Qg
171320,7081,0,132,fi14AUmhWCH
2933,87,0,16,NDN0cxWTEht
1543558,29777,0,537,cnVKWBX66Xr
46170,1346,0,208,2X8xFGY16Pk
984,15,0,2,lGl41hIwppv
4899329,52594,0,2408,kX37gZuCNq9
259046,5900,0,189,sC2uZBzpKnr
1240,31,0,1,ENnFDvf9aTv
2280,14,0,2,ZHJW3FBUdls
341809,7613,0,406,0dyvkPso2ZO
510117,17036,0,630,PRTDeqYYhP6
3768,26,0,7,5AyPOSNjRFS
517,28,0,25,xedovXT2vDg
7145,151,0,15,ncyBx6UUyKf
1258,50,0,1,3Aww4gN1DXW
66637,280,0,131,utQy8Nr074v
185416,6289,0,400,FxN4sxqKMsp
389,20,0,9,NNphtlkSxXg
80,0,0,0,hjIktNlkfoV
2997980,43062,0,1534,J9vCepHREG3
1992,319,0,516,ST70ZbchDUx
745263,9622,0,395,qzcdoXh5r7k
444167,2639,0,257,tzNG5FD8V4Q
144038,5882,0,808,EYQkpNFuVaF
884465,3771,0,930,OYTlKsEnh5s
435012,9764,0,15,AdWZA1DWAUT
498897,9462,0,582,Gp0gp2Df0n0
619454,4849,0,894,ZRqs6qBcWHq
508804,610,0,996,T1D8HhL3qlR
252643,779,0,736,dUYhc1qdbSK
207232,3419,0,702,SI117oiYGvA
500566,658,0,373,4glfWcWcLNG
371889,995,0,306,pAwkBigO4TG
280721,4137,0,760,Kp5qxEu8SrW
808382,4370,0,737,NHeZ5Ou3Ih4
658799,4794,0,577,ymhTb5ZI2NP
946841,8490,0,503,WP1HN6hgwhW
168388,3634,0,445,Y4Lm4rpW1hq
876377,5491,0,5,Bx6VIOqmOYO
289052,8868,0,482,XYfziBthrJM
23031,4697,0,460,CmRVkS8JD6w
657161,7671,0,750,uinSLRlO2rp
376954,4997,0,287,lXUcvdwIj9l
96713,1739,0,867,avZWMrJo3Ta
371061,141,0,449,cOqntDpbZIH
29420,3747,0,784,vJ7wZJJ847x
749194,691,0,250,adCBUkTfZs5
682393,917,0,634,0UCSp8mwjtb
926959,1395,0,393,1WO5jBaCWqj
606457,9498,0,414,7QYdSpeegW4
556335,2908,0,471,9Z6rEeKsyVZ
463975,1617,0,26,mSJDWZNm1sh
618536,6318,0,156,zB95ILUlD9y
75502,1235,0,960,trIa8MLVFd0
382008,9086,0,698,ouG9s8wlwQU
365562,9531,0,9,lYHnM6djtIO
140021,7538,0,400,SdTMVNN7oFe
969214,1460,0,547,DALBe175Uxu
352372,7701,0,711,hd2GuN2C89L
820631,2007,0,167,UJqabip8IdN
399916,4557,0,857,URzKjv5r7oR
538402,1118,0,404,WwFOaTbZ06j
749703,6767,0,729,r1HFszTQDRj
684830,4854,0,204,xO7uhmAVERJ
9718,4169,0,969,mBiAlcKqNKC
261454,3972,0,284,4CZgP9ujGTH
959852,6024,0,85,VhcJSzByQk1
628851,1080,0,447,2AA6JRGtwKO
674671,1638,0,399,VoMR8ernsrj
240763,8867,0,729,fZQXHPKW3Br
978879,984,0,467,irXmqUm3wXD
421469,7825,0,254,GgJsRrQy8Tz
867211,7284,0,483,2aPL4Lwl2MH
879216,442,0,949,gtTZNodANSe
989996,5190,0,179,tPZRSv5jehg
586521,5033,0,816,fvbLpQ5dQ3R
730363,6785,0,210,VmlJtUQcaz0
928557,131,0,850,Sg9tSOMO0hS
662019,8196,0,790,xRKWTMBVw2r
649728,37,0,84,biczOmyHpws
265114,807,0,304,jnrxZijcYF6
546728,5649,0,613,N05lkltkghh
413366,8163,0,386,hLnl6GpC5QB
659126,5271,0,686,o7fUAKQB55h
983814,4314,0,106,aMGiX2bzAgd
70076,7019,0,574,1lqTFTLvJSh
485891,1197,0,602,a6dPJaD9e9g
768520,5297,0,968,xaCSqtkL3zD
741403,6345,0,462,1VC9o74vSR8
640974,5235,0,195,KT2v5QGfHtX
865942,5003,0,468,QOE1meI4NGU
641279,2518,0,188,jGV3YAW93Rn
207988,8864,0,873,4DqxgW1Flvm
950919,3671,0,765,yMroJxj0VZ5
887994,2680,0,904,y3LgWXIyfgz
128449,7480,0,927,WrhLY61HYya
915213,5795,0,972,K55kJfg9odF
806543,2423,0,446,hanawxkiPKq
127414,3812,0,437,vXPVHTYPlJV
895769,1072,0,972,pIgmetJNk9K
296199,1991,0,800,uvSpTrDXqyu
95136,7894,0,206,sFeC3VKzFVM
436693,2738,0,550,elHgthxZQc6
469979,8591,0,529,ZsCCHmr09jd
984730,9010,0,893,bctEFltAkxE
905705,8790,0,347,TEqMxoiX9mr
984438,148,0,574,gVnTgsWLHw3
654929,2987,0,978,q7J4YobG3k4
309821,3694,0,717,rJ0PINb5VY1
11608,9501,0,972,91SELdK5tEj
246674,9334,0,0,PmETZFBAgSl
673585,4847,0,190,3rBOgaToTm7
872647,9734,0,527,0IqicAXzKws
387034,6011,0,318,rgyVKtdqdMZ
190221,1984,0,505,zD6be6cRJoM
374462,7703,0,801,KCN4BriVEbh
765195,4329,0,287,dT15IYiFVbY
694790,4084,0,942,h2XIAGDfdjx
743396,9599,0,135,ZrSCGqnjOc6
715300,7819,0,699,YME9TT6Wb0j
952547,5548,0,857,omDns4z91lj
195094,5428,0,149,Eql5hD7hTUL
689907,5214,0,123,pXJLVAQo23E
308318,6169,0,445,xKYST6ZIpcw
148436,683,0,75,yQoWg8f5EhI
156178,5028,0,730,KY8kgWT3zeo
735411,5359,0,814,8p4RRakpKFq
96307,4377,0,75,4s5OgbRzAyf
752132,8944,0,601,DmwHFjXrGNy
632638,3203,0,801,EMTVEguyKzj
989060,674,0,368,ibhIKbWceu8
706762,5545,0,684,GunAT96EKCu
345485,2895,0,108,q7SQV6vBBXj
647154,8787,0,57,p8oGnGJ98TT
332282,1381,0,288,Em9ahDNgK7f
343971,9439,0,558,EsX0Bu0FQsW
506735,7856,0,854,UfUOgJRuRZg
626107,2015,0,840,u7J8DXByGvE
275032,1097,0,497,9qVAvpLnId4
73541,8872,0,616,xJw9PN0Bq4w
396564,4524,0,869,DgvJPJ12DTn
367920,1623,0,683,j5N1oqkXoi4
886893,4849,0,236,rtOvBfV4huA
719249,7945,0,931,fVThJSY1mqR
735020,5371,0,677,BB6ZOpRDjX1
76872,6755,0,190,EDFSzE8O3yg
606285,4111,0,657,IyyxytPxZdz
837560,8189,0,965,FFXEMxuOKuW
870555,9737,0,928,XIR4xpNY6A1
100911,9424,0,882,Ex5Hgu7IxBF
145955,7562,0,51,BkmIoQpmtP9
229478,8973,0,159,nBx9v4n1sw5
127391,1311,0,617,MXDpIgaMGAk
42407,8432,0,795,DdkkmIorT1I
788313,7943,0,29,MuH1ao0AWRx
530070,3296,0,96,gq89vOapxWm
411187,9618,0,93,6antigCyLyn
795573,6491,0,92,ZEfMRYT3uKX
899054,6837,0,227,jfTZfLlKtAC
248243,7881,0,646,EbvhBMXUn2q
717892,8540,0,623,BxofTXrYcIT
455074,2297,0,678,LVfCQ0v4pxY
135674,2972,0,684,t96WXuMjH8q
90099,2939,0,222,GkW93zOi86N
304835,9088,0,27,WecnicdbsAT
128505,7284,0,806,HwqieE9U36T
113413,8510,0,261,GzjoGgemRdZ
598087,3677,0,392,h0FCXt6D33m
418250,1809,0,93,C7Ltlb29n1z
458912,3242,0,652,OKC9H5b93GX
312914,3124,0,812,DMcrXH4ZUyO
560800,536,0,248,SAXH1ZPZ5qV
778347,6345,0,817,lTTvQ5O4qLQ
850152,3441,0,682,0CWNAxNntQH
521931,8773,0,464,9mT9eUh8mN1
502963,312,0,854,p9qqIR4RYfq
272192,2436,0,466,28lo0ek91hG
254540,6680,0,271,h1qE602edNN
972388,2021,0,706,eYDvgsSuICk
606150,9159,0,687,j5kT16eHHmJ
30964,2094,0,989,7CLXpnKwYFS
827430,7849,0,991,pvNIRAR42jy
347613,5466,0,885,KFZtxzKcWdC
813199,3817,0,699,JoFpXWXihuP
850662,7351,0,421,zPqpx4DIrgE
356497,5534,0,300,taBpk8ZVTSQ
246238,6090,0,2,BIgWzBwYviJ
432435,5980,0,547,CDoQqXrfJDu
800549,1918,0,692,YGjB8Xa0wbQ
86997,4343,0,311,q3finoziEbQ
401344,434,0,263,z1Figns069j
284361,3573,0,297,KpHsfZtAR41
654867,3250,0,363,ouERj5MZk2U
50487,8274,0,349,E1RsV3BhctX
271002,3727,0,929,LbFMYT3Giln
760003,2797,0,209,pGdNh4JkKgN
708020,4524,0,892,9dbs5NoYDXi
478912,3889,0,142,vyLt3wtOvW6
244358,4255,0,940,imtRRfmoHAY
850078,6445,0,468,NWtSEUk2oMV
28317,464,0,81,THTINDdDJ6M
943128,1001,0,415,TrGHt7EbX09
764038,3592,0,304,QFQRKQDZtDp
170964,7152,0,918,Sp4KOCgvs9Z
791968,6382,0,978,cdVu8uETLNj
371106,240,0,818,AbWRBOrRZO8
553756,7235,0,973,6vZLPGrSLcN
964913,4446,0,130,FUavKQP5MtM
851843,679,0,771,wJX4x7kTHAF
722822,8673,0,210,N3Nsu4DF33y
79965,7658,0,996,r4owFJZ2JqV
572567,7366,0,673,cUVw4zux0XP
879585,8743,0,874,ExsagLv03gj
963255,6325,0,552,YIxH5yjq3uI
152878,7028,0,809,J7u7QonNiFC
242684,3903,0,242,2XUiNPcqqBm
605391,138,0,487,s3pcTsGRYle
166501,5683,0,509,zOmABbPufMT
124020,8856,0,846,9lbWMRCycEa
635940,3590,0,964,4Mudl86d9A1
235324,6464,0,878,f6sJ9tjAbsC
932899,3218,0,780,TIWuJPPoFBg
98575,8404,0,707,Hm0Pqf1YETU
78759,5515,0,808,JUvGuMBqlmy
853006,829,0,632,TlHBhCML9ls
238672,7170,0,389,OD64zzAppZU
700492,9069,0,272,bAWzFseQGyJ
211243,7308,0,744,B4KfyPpyqzG
710906,7095,0,327,qs9qSdOpbcp
101769,2212,0,952,ynOLNXOrO39
506440,3255,0,348,edYW2aukcqW
171469,3048,0,51,lLjOhUG5JDo
483865,6178,0,28,vnMpRSqS1uh
527361,4861,0,3,1KnSsPnLqfZ
396765,7656,0,369,dTde3bbfFDl
75454,4823,0,946,v0LAa8JNXjb
981113,1749,0,683,EtaQnCg61WY
651463,1788,0,333,ttHhqbtrt8I
873360,731,0,859,TuZw5cD1Mqr
290759,5068,0,296,OzpGEohifnK
618225,6927,0,162,zYqnfHUMS4b
992232,9693,0,619,qX9NpR4bLCM
653246,7205,0,91,y4mgFR4PFQ1
538274,3636,0,447,JDMoTRpYCrh
681237,5743,0,44,bYazzJTCqBq
673143,1281,0,942,1AL7wtIzhEW
878876,7275,0,118,HeMrHXvAJ6k
850950,8740,0,727,U2h9DWeBKXm
527084,8053,0,178,Aot1yaIAS5B
3219,4591,0,718,3KGF5zKdti9
906122,8278,0,967,dTcppTbV2mH
105785,525,0,574,TzfbyKrdvlM
448353,5383,0,600,d8kmXsq9MSh
989787,7380,0,385,ijhGnIGOfH4
497081,6964,0,906,jdAXbHQDFU7
338305,3739,0,582,mlvnSBGS3lw
906178,7547,0,964,U9MP3nGUvHV
201663,8437,0,887,iz1AevOGvHc
863469,5606,0,961,qpPBckAfS6f
730306,6518,0,974,x0uKVhh9SMe
510596,8266,0,685,B12ytqHHGlL
879631,6233,0,694,w0bBH4P4qSp
26332,2958,0,271,sEjopl4SPMK
113963,9183,0,443,GoOT2uuEOQn
166055,6003,0,746,0E53MDDBBHj
546108,2553,0,966,fFvUt6oUtFV
186349,4550,0,44,MXab1ljOvxq
883002,9062,0,91,VAeENPfWTdW
934733,9178,0,870,ImvIl348Cu3
614351,6752,0,834,8ONj5dNUvnt
789542,1781,0,960,87P6LLFMSNY
991636,3600,0,69,HsrnBRr9tgk
281615,214,0,675,kH0Vn1P7tfV
579469,9802,0,986,6sPZ6EM3aoc
559798,285,0,329,iIq2bmlLGOC
280068,3741,0,216,67dWLcxgtuy
933632,9070,0,838,JpbCpPIcFIe
513039,9233,0,252,G3oMVVTObdJ
347279,5179,0,586,ovX3f5QTqKB
988347,7422,0,350,xDvRmluaPcb
774071,8157,0,142,mKVzq7gMwmX
313043,4338,0,350,8ze4An9GpLa
408795,107,0,781,UcsqHYlwx3X
552566,4669,0,544,AV3Iv0wueHg
507187,5906,0,562,XpAOElP7k9q
701043,9807,0,689,7kFsEV9tdtX
44591,6955,0,367,jheLW1ATqAk
211472,1061,0,897,0HaE64Eousq
621457,5446,0,268,5ZsvWxyifC4
165224,9620,0,528,eF8CfJquQKf
178441,5583,0,87,LqNsCi0lPrY
674526,8656,0,561,2tM1euGIXb6
795304,3048,0,593,dq1OPptSBpj
815229,4221,0,447,hAzeg07yEbr
495804,9373,0,252,bWiPoxOysx2
437454,7911,0,418,QjDlgrqw1l7
696605,7787,0,381,8ILSDjQpajN
318398,4644,0,40,MZIVFd7FtOw
139716,3723,0,318,viV31gqM7wL
457297,7554,0,523,AukB2amUAMe
461437,2277,0,253,aKtBUUX46eT
171370,5378,0,778,8rvYdxuRPN6
245061,9636,0,811,xfbTHp4bZaa
997592,4793,0,310,jljjnxlYpGn
276734,7896,0,240,ienKeG6Wfth
275989,8790,0,748,joNPzEYpX0R
959229,7905,0,725,BPqVzsr6Mdn
239370,7716,0,513,q2RhfBfSii8
43009,703,0,724,1eKrBiehBkh
556152,821,0,753,WqdzpaeMThH
908322,8117,0,906,gbbUngKByMx
934641,308,0,169,9TcgS21eFeV
375036,7064,0,52,AgmFrUYpDRB
298043,3469,0,100,Jqz5716UzZP
891733,8416,0,582,9OAzhS5DinY
557633,5571,0,790,rKzp5oOMEGK
551817,2951,0,764,wMvLyFDmLfr
939681,9507,0,30,SuRfrFQzlHb
673508,1721,0,250,s8uPKsR7LEk
296034,8921,0,388,G3o0MuC6iJh
421171,8384,0,578,6t8klchfGik
10898,8260,0,901,Z92JgpGPymv
35468,5312,0,459,nFLFyHOxopg
202049,3586,0,872,HyW7rPsOn8w
891349,3625,0,908,U0hEUqUQaNA
179425,446,0,637,8RHfpBNaZhI
801183,6190,0,882,cM49ODeOQ8V
283331,820,0,788,Rfct6T5ZRLu
92657,2436,0,641,VEWeSja0qTh
869835,1532,0,17,4EO1Yv7CLgh
745491,6012,0,492,pDX6yrhqQbE
50519,8486,0,202,ys4xhxDImQZ
616320,7723,0,428,YAP286qgr9X
743046,8359,0,975,ANWPsU4D3Un
952207,4079,0,483,oV68QGE0PPs
731760,3215,0,627,4THe0oUgtu9
698485,4121,0,757,i8A34ttKPhd
922417,7144,0,361,6JBzJCBTDbj
981557,934,0,499,0jEEXxgd2qI
787850,2120,0,381,rTXDQ72mV1c
731377,4935,0,639,hk18e9hgpYl
198099,4509,0,371,P3OALLraqu2
292178,8163,0,467,QCQgS7V49iw
43912,6939,0,934,sNgREHY8l2e
592943,1542,0,807,Qcm14XrDFGO
176919,7394,0,231,rEXZgx09TJT
299620,68,0,221,1JsJuuzGKAk
999890,3020,0,823,36B3VhX28wq
596323,3850,0,514,MDyjGMh1b9M
265330,4673,0,424,rkJ6revhKpl
949964,183,0,38,Q9rUaSS81Iy
480737,5792,0,954,AQWY8D3u6nb
945092,3575,0,535,kqGDDNath9c
226271,834,0,23,h63Y6B2ptRG
669049,2980,0,333,L27zhrlPiiE
931305,3358,0,909,IIxqf7DrCOE
645709,6725,0,342,C1L8ZlOPaUQ
187048,4811,0,50,CgrPi1iV1a2
448869,9923,0,651,QQtpRXBYzro
70915,485,0,507,EuJKaje5QYS
467088,2447,0,90,uiM0snRwvLB
934470,9562,0,607,S9ArI6siOUm
284577,9144,0,965,vymP48RGeVs
143311,2490,0,215,9kBPSzdR5Pe
437769,9267,0,275,35EnpU6qVl3
258619,9332,0,696,rbQwtF2djVg
122958,9985,0,714,CBm9kul74U4
480526,5042,0,857,mnLY6o2Wj5j
336134,3340,0,978,BnJ5jX9HRnZ
731518,9194,0,921,FbbnahEcG0O
395741,366,0,324,a0DKwFMdLZK
325465,4395,0,184,QSjLxmsnnnp
709485,9583,0,161,zc5rjUrN9Eo
548450,8787,0,580,oe5sfL4F5oe
192824,790,0,440,oyQxf03Sluz
987625,3448,0,789,OJ4qnzASVSs
831349,3064,0,391,ZMZ9nzAvnjf
269351,5003,0,932,BP68cAvZvYj
93554,1488,0,602,oYCOODjKwHc
945647,6950,0,530,GtTLShrCDX7
79730,6220,0,218,RyiwNLRfyak
175494,1562,0,393,GRV2A2nw2dO
752311,1296,0,441,iLw4IIaJG4C
43251,9571,0,608,xA1UAUyFSlE
671622,9313,0,813,LU8mzmfvWF3
748270,5558,0,32,v1a32fuBjBD
74587,9701,0,69,66L5CtbAJ5r
204549,4975,0,552,tPrlq6m86TB
857127,9820,0,254,1aIyAfU5Cuv
204224,8271,0,405,Nzz54MAE28k
387454,7662,0,989,iBpMsh7KZdQ
679570,3603,0,321,MV4eeVb9xXk
161725,70,0,487,fSXktYeoLhD
111358,6712,0,5,Gcx6ZMjni9p
330640,6891,0,209,FqSKcu8dg9C
195972,1235,0,816,Pc4IEE4fTON
281859,4748,0,155,xm6Xfb4mrLT
742772,8879,0,325,3FJiodPzO92
609881,9820,0,396,eUYEuKrFt7v
276674,8418,0,968,MGc2JIAWNAR
187651,9051,0,256,WC1TKpjJMN7
734036,1335,0,81,3armF3IAQ9F
139857,9601,0,191,agpFbKULPeD
138227,1636,0,237,QRjP3YdiJgz
511729,1695,0,224,FP1De8U7Zzq
615551,6140,0,506,cjPNDe97iV0
186544,135,0,988,3Hf2q8M80Mh
969747,146,0,524,NQPaK6PA1M6
18799,8483,0,43,1X9rMco3HSv
788777,4104,0,357,RunsJJpiJAw
549336,4991,0,882,QtnrzCfLSrb
989945,4037,0,867,ZEGnHomM82f
763773,3441,0,973,2LqFtHdwqIQ
294327,4201,0,342,nzNUsgDgkqw
963089,4137,0,88,bJoE1bBde8N
644162,7615,0,319,NxDrRzuK0SW
447445,6012,0,35,qdbe9IMFKI9
295175,458,0,36,wf1oiF1NYPK
385546,5293,0,788,Cb12KRurQDt
628997,3588,0,266,GnVBnY0Ntnl
636263,4088,0,110,xStpnA4OFD4
61311,321,0,468,3SpVcVedrl3
41747,6514,0,564,9WXCFAMSSWr
552275,7341,0,419,qJOoioUShMR
441427,648,0,354,aXRYKQ4owCK
336479,4394,0,985,IrWT02vRZNI
644481,1416,0,951,s4igPmPXo8i
33244,5371,0,748,gOfEuA0EVmY
497298,7746,0,494,hp8OIPVLgI7
407606,8943,0,955,xX6VsmYWFYo
586807,9859,0,260,aXMxMSRWOng
868423,6725,0,433,rCu3wgGUy7n
864242,3603,0,803,1vAxMyyIxTT
432008,654,0,951,SGd7tmxZPWR
225764,882,0,701,jHJSdUraAh6
973450,8761,0,484,oZNQqnJdrDs
621629,9973,0,187,mP5cDzhSqsv
693693,4299,0,905,C2m8N7YP8Fl
640145,7486,0,573,A6BM3a3M7kS
392920,6596,0,392,GRvY4kwGnzP
149379,882,0,330,pO1afVi1bm6
737805,1475,0,412,NlIjVzatMce
108708,8333,0,508,k4cLJTzanmR
121741,1780,0,781,Ueo9s2u5Gb2
672470,6547,0,446,hTxmQe9eFIT
772355,7291,0,353,rdo0tL26UM4
436865,7522,0,83,a37vI0qavQD
661228,3186,0,413,0wFCpO3qncd
21791,1252,0,991,9jeeYdSABPd
521265,5731,0,550,pMOfSYKWd6n
218223,9980,0,124,WkiUFB7Hodh
10043,569,0,699,zm4ePbsVX59
640579,83,0,270,Tm8ZclKRqgB
310568,2341,0,41,h208mBY738v
807569,5159,0,662,yY7LDm604mz
575875,8330,0,716,fPAz80mRgz2
230561,7857,0,786,daDFtVCz7eq
569439,3873,0,591,DCX9YBkzk8e
525516,6068,0,460,ocFWVVVTrGT
38198,7765,0,214,giz2bS8fV3A
974740,2947,0,869,cUEyKGmN6RD
739752,7088,0,293,FyexBpJcIpp
720157,4205,0,320,j0TocexwuDy
87401,9378,0,436,2SMLK3PCPwu
759402,2884,0,350,CNsMhCJo1fc
93885,5392,0,10,L9zL5FHRgQK
428418,5345,0,65,X5leVvneRpb
42379,3550,0,574,EE30nayYtsc
265573,6964,0,534,BXlUHtYn6si
412918,3925,0,826,ZIsDvnFyjyT
683693,9303,0,813,nBvMjDEEadM
582686,5311,0,80,YE1W6xt6nRj
868295,4708,0,601,pUrdW6MWEJx
714096,1451,0,605,V6lTkZDsPpz
241181,3545,0,872,CR0elkbDd3J
344876,6874,0,159,mqw6nThxEoL
388865,6499,0,606,wOqvKCcIzvw
976695,5006,0,414,1altUoq4TnA
373020,8523,0,329,pRG10pGkU9A
970544,2178,0,737,x9rZEJK9ysZ
815781,6641,0,989,44uQELUKk9d
441104,4106,0,888,upPjFU3oC3R
547376,8352,0,934,6gdJWszsYj1
226076,6275,0,162,2UEZ3Lzymra
972986,7691,0,688,X4N8b4KbxYu
333310,9581,0,126,aaGcDbrjMbP
967768,3889,0,829,WxuUDWIXuS8
256319,5511,0,890,DlSU2m5M7HF
282087,5666,0,504,8b2i3Rlfo56
150040,4407,0,317,scADCF67T7h
694783,4658,0,106,pBHbDvZ3OSk
347900,8892,0,96,plVSIkRVgbb
277833,9737,0,748,lfXyixTm4eb
994290,1766,0,661,UhGJ32dVPyi
512345,7689,0,167,EBuFbFuvQhG
825685,1974,0,462,fdxF2J59AOi
961460,8652,0,543,bCmAIIGVSl5
870933,3832,0,282,TkSjtN5E5Fz
968891,5134,0,172,G7nm9YSgfoN
872289,910,0,733,oc0czgB7Ve6
505788,2546,0,574,iKCCWAjIEAP
471081,7627,0,564,vhYq6rz8DAy
945106,6540,0,550,71RURam1fPR
416822,2128,0,469,fbaUULnYA7Q
199017,7001,0,977,9iYCh9NCYcJ
790132,4148,0,509,PHIswhgmf3g
191358,5349,0,434,mCjb2Uqn8a1
910096,3305,0,127,UUwyUFpEofS
269718,8608,0,971,rU02rCBfsWM
576614,3667,0,154,ZjqvRRgLj6y
812971,4307,0,925,1gbYgny8225
86516,2863,0,398,znquIQOanSy
514036,3312,0,129,k8sBBfZIhYR
340124,6046,0,611,8CzRMLJ3WfD
944863,9609,0,275,UipjYQTVVzf
814023,9516,0,868,ceK9vCswMH0
112304,6977,0,647,tykdeftFGRt
518693,9999,0,219,T7nDitrgWho
228582,8828,0,347,F1ks0MlY2qb
306046,4207,0,523,cLKJyiadH6R
673401,669,0,749,GnX08IYOf7z
571282,4291,0,954,iJZNkfBLBUD
172465,1821,0,569,XEyzTc5PsS6
130381,1213,0,703,XlM8juDtF8Y
833539,980,0,154,IKk5Q7bsNpR
451471,9689,0,699,DxB3C61Omm3
539837,3137,0,970,2WrzPPCm3ir
461405,3551,0,821,7JTShoJQnFV
41174,6423,0,96,NZ3zTSIhkzM
649023,9807,0,363,tD1XokorDxU
205838,3819,0,442,S1qM6eBgNZj
882631,4534,0,931,EjggAxtzBvk
324983,3697,0,101,FJw1eOmx9Ci
794737,1346,0,34,UDc28XNlSD3
451155,4875,0,447,l0xmCGYz06N
990400,5344,0,642,WKhVehHrNEt
915222,4839,0,148,wYnDm6HNV6f
482830,3840,0,403,J01mxL2aOv3
945351,2599,0,739,xNDMZulOV1r
645474,5253,0,459,2E9jlmcSSXg
561829,475,0,983,UDdOFByTx2z
33285,8413,0,840,WbTtPoKsfe7
247634,568,0,373,q3yKVmFEj7d
74199,4101,0,686,GreNlZAphyQ
904453,9293,0,223,m8C2kwRMrWq
824045,6458,0,885,jdw41ZqldLi
875494,3117,0,315,KAW6WTVgeKE
384006,1798,0,68,yyPNvDh1oxw
744198,9672,0,641,rmYnlFSVDR1
117497,6398,0,164,6mb5UjrSi60
192790,9046,0,11,5gqu4px4LUi
351221,6660,0,955,4EmjObUMTNR
617010,9688,0,813,nI0p0Elu1s6
754294,6010,0,797,L8ZoXnLmOyF
157677,4922,0,980,BgadEKUjUhD
446750,295,0,782,K71AKTM39hs
428934,4525,0,38,srJ5jJrXxLr
516427,5735,0,211,3xD0BXq1KTC
488746,7296,0,556,aTYfyDJLDFk
199508,9106,0,260,kb5DEVOCQji
892503,9977,0,4,8Ml7Ho4PIio
304527,7827,0,126,SLGLPkYbxWD
107107,9084,0,887,AaHan2JLlMb
145840,7387,0,938,QmfA812Kc4p
605653,5969,0,299,BbAWjoalGNH
904117,6868,0,876,3nMYWpAIoSX
118496,5116,0,932,w80xrJ0m4qG
123410,1106,0,986,LuJx6LHD5QS
851180,6731,0,875,OGMgtx7zXL8
712368,3113,0,528,4Rz7cZJnA44
645872,5024,0,348,wwWdMvSjG2i
923115,1812,0,86,rxOEliOLBGn
806161,9610,0,689,chmKszzZ7Sp
82864,7811,0,343,E9reTRtBqyx
466616,8257,0,823,RkgNFVz9z5M
649781,731,0,161,hOmEuQxoucK
331934,537,0,812,JfUZJDCNnju
187605,362,0,894,P1PZq8tb1fX
398020,8732,0,809,WMbzfyrur6Q
268259,9779,0,218,X9CeZm7pc6E
864055,2984,0,712,XRqrP3u9AgH
371412,842,0,436,5NpmVTiVWam
215234,4868,0,454,bz7vHr4WGx2
684991,5766,0,862,xcewB4zF6io
161482,3114,0,560,CgCxjqHdIMH
319798,2485,0,630,dH7SNbq8C73
80149,4506,0,474,eMKAlzZrd95
926304,8498,0,519,9AR1iNEhjGq
343364,2571,0,757,uppGi7FWi5E
266658,6743,0,380,GwA952eqcAE
361610,7152,0,420,9x9Y74sPI5C
361838,5468,0,867,0tQmti2Yo5N
861873,9555,0,945,xuW3Y0FQZ4Y
690959,4581,0,655,rQJSAL9yjmM
330857,5115,0,958,eF4HAHa8C3Q
718176,1009,0,594,SqSZ9TkXENS
376756,1700,0,194,dPKFMq6aXmA
204281,4492,0,288,xvmlLlJi75I
357282,2857,0,889,sFkxyXVVY9L
36961,160,0,880,rh6AChJrozb
60727,8542,0,26,b94KsMhdwEx
827269,8884,0,102,tVPiKKfLaBz
513351,7565,0,540,E8S5yELQvZ7
305378,5518,0,503,5zgWEVedY2P
432890,1137,0,988,D9trz1RJuth
87076,1137,0,729,buxXUUC6Spn
551800,7919,0,852,VrQa9pVv3k0
753791,6504,0,487,BG035f5OFcN
716263,557,0,216,iCFCW5eMVkI
899640,1345,0,329,7EJYmKmobb6
751827,8098,0,730,ZUruo1RdLww
720109,9837,0,710,psw97Ne5wZV
17054,6096,0,265,674tuH1Z6Nz
475060,6385,0,487,myUABaYtEIL
911852,4200,0,237,CnT3Hgi8J0k
446442,9251,0,809,HEZg77CJPSA
500394,1220,0,635,m9stdZPNXMx
125177,2036,0,286,ixkINe11Fhi
427977,7651,0,501,kq0BqqAMRzg
13156,6661,0,739,EoERVGSHk6i
938588,5991,0,406,RCWtH4Ll375
925427,6456,0,784,ACPZyIxn7W2
718705,6077,0,907,DCcnEmHAl2E
910866,9152,0,797,vglOgFrKh4L
981953,7479,0,997,bORy2d3y7FF
483122,2061,0,461,oC9VkSRDwiS
272090,9240,0,552,gAmzzu91RHc
122052,3930,0,514,OQN6ragYFvP
623365,4354,0,190,5Gi1QY0XPds
844314,4278,0,999,bzoNoXuf0UF
697870,9641,0,38,mqBUpfSqkiE
196687,7003,0,372,UXBI1VGUfPz
250212,6466,0,19,B5cEn4CSZov
787019,8939,0,441,tqj1OddCXVR
139434,9059,0,125,0C2TvFU4sK7
644141,4435,0,140,3weG6y4SXJC
282557,2485,0,782,B1oaZxrEdyv
172536,470,0,293,D7C7KUzFGIx
733402,89,0,749,AolxAffgy57
577363,4849,0,622,A3X33MPoHx5
838521,4611,0,958,P7yyelbWLzC
869765,3893,0,232,zORFAoi4Wxx
396920,272,0,328,gEsgNhk9SBd
534983,7371,0,252,idfk67TUv69
787337,3744,0,270,kEBPdPtU27r
106777,2608,0,486,2gudg4wTcvw
634262,3266,0,374,pDs3JpAyLho
590111,6813,0,652,qCm3TtIvNXa
355001,7683,0,788,CvDzEjbMx6F
326899,7531,0,642,3XPHODfgKw3
371812,6523,0,753,A6qu8CwcPwr
283237,6842,0,391,OUY3w4a9GPY
546463,672,0,149,XOI5vcsnDIs
547322,4011,0,113,TL5727XJl3P
743890,5855,0,291,jW1w51kpKN7
125658,5785,0,432,JmYbUo0ZX4i
716520,2710,0,319,2UZhXegKxmT
699474,9967,0,370,lF18i4HqBTp
139355,8481,0,732,YUfMhpp6I5t
540745,8451,0,377,2EusSVRAxrP
614116,4272,0,280,EqKOiGDMcTN
930329,3818,0,798,zk5WeIvwWhm
269650,3292,0,962,mzcrg4UNwUH
539953,7353,0,544,Oh2NhIubxCv
535411,3546,0,901,kjF9yODvdKx
347547,472,0,537,y7Iaz8tFa6w
791186,840,0,441,53jORvUJwdH
481867,9116,0,488,Ki6N8zlIrsS
207749,9350,0,29,RnGBQDKZFsu
412277,3847,0,779,6u8FvXq3KOq
887386,5189,0,850,aBpAXKjmM4i
920399,8350,0,700,cuSQpsmCATs
238002,3991,0,1,mnCxny4etuW
619028,1860,0,734,QL3VrD4ogqH
919237,9659,0,576,9PSQmfD5ad1
931915,6564,0,629,P6GxWlQECsn
75703,9261,0,190,3ZaGWsxT2Lg
123814,6209,0,373,ft6c3mIBybf
164122,6266,0,602,TuDKLstfOQT
608345,5049,0,548,SEmj7W03niH
643639,1029,0,139,KzKeqsLkesr
875275,2441,0,478,LDV397jyQUb
807048,6324,0,220,cUOs2LWBhYL
551152,3706,0,252,s2TiLE7VN5r
26480,8767,0,799,n7XDOeSdDBU
809924,6526,0,353,LiTPUGBf7GH
679365,81,0,461,EgfAfDv9ewm
530093,9345,0,401,SSYcUdke5F0
440124,7763,0,479,AxzcA6v6um0
804944,7544,0,62,PP3reDbcNHl
279249,6717,0,698,KJEF6y7E7Pv
506501,2860,0,244,BjxoG9AzPrO
875855,5898,0,256,vftqEK6H30E
515206,6920,0,77,PUpuL4IHHrL
603607,325,0,409,62OILvquEoH
242176,3347,0,991,wSmC1FH8dOy
401165,967,0,114,IM0YGEJgymy
52581,2812,0,749,labmR2oLQ8Y
272213,5953,0,819,DPHdn7nMmBW
84806,6010,0,608,SZupYsHO3E4
149800,9047,0,876,wibmi1UBZuo
507951,1178,0,304,uyP2OkTzYk5
756911,4709,0,181,tRPSQX9VeDG
532864,1627,0,495,E7iAt085FCM
21961,696,0,838,wF8hFQ3LA8U
223602,4954,0,311,jV5dBMP4l9X
303136,9547,0,158,Q0YcSO05tMc
831094,9480,0,678,eHOy6oMWAOz
250734,9990,0,636,v64YliYKDjL
449839,6589,0,734,HDsdMnZz5cK
732777,727,0,858,wQKzuQG1ra4
264030,4641,0,664,ZOacLRExQMq
397222,3304,0,479,Ifd3X996PqB
740170,4442,0,404,mjbXP40Oh4r
23917,3011,0,671,1Q7KCMHxxEs
770478,1796,0,12,fPJ6MhqzIPO
173875,816,0,427,1QCjvkm4jzE
285620,5777,0,518,mDskKmR3tTD
184804,9927,0,875,Ad5vnosKLQr
904114,5384,0,283,WrFMxDe4g5A
909679,5651,0,261,bGlgdiYkubB
819015,9150,0,672,ktspRP02ke4
120073,460,0,953,cT18iNtMDbN
935101,952,0,946,gDI1esc5wqS
259939,8537,0,729,EgSrGKxgwhN
603863,4411,0,407,XQD6LNpqOG5
281238,1135,0,610,h0LMvMEBkIp
534748,1258,0,471,7tyzr4NZSgp
264983,851,0,564,BmNmpPRx7pP
80941,1607,0,879,jOjttJwC67U
862636,629,0,663,RuQHuLGPAnT
652416,8113,0,568,GgNUtKMZ9WL
336367,3867,0,944,GI76P7rFTOc
699745,3335,0,816,OupG729ZpCt
971713,3327,0,710,YgaG0woQuJQ
847766,9812,0,151,tZWp8hjFAyx
623031,237,0,468,qysNeERlOAe
887404,5506,0,178,z8svwuurMYv
391850,5834,0,68,xpbFkUdXboC
63121,8923,0,453,fWRBW3luLF6
884731,1821,0,821,Oa52O96Vhdb
454200,6069,0,336,wcEFdPIBLKE
646242,8656,0,346,3XTgEADZcIY
598857,7772,0,346,sEIfmcW2TQs
482456,4266,0,44,4aZxiaQNcD8
426999,807,0,937,pKaYXmbegzu
327915,7110,0,154,ya765bTWtr6
718014,1153,0,287,PMYyYmRBpWt
404072,8201,0,503,xtObm2nS3YI
582153,6810,0,163,wVGk9mkWZNn
806259,9364,0,838,Srv5P5865E0
811121,2666,0,40,IToxMX2Zmet
903855,2595,0,634,UPOoteT3Vrn
818649,6987,0,54,L7xhKKVobmp
620959,4586,0,164,sgOiQOCBsCN
90340,7597,0,757,qqupbwYIQRp
185887,5757,0,79,TXXzTEShdRm
888024,5833,0,504,XmvEFcYusny
660271,7511,0,717,ko5twyQjVnc
540653,4838,0,456,4PcNESnvRgH
97913,5479,0,425,HEjFBPdrWUb
25326,1437,0,869,7QHnkafgHRZ
760135,2790,0,868,vymoiilmngT
369003,491,0,837,16T004CjDTL
226154,5430,0,884,aY4fp0CbX66
474386,4619,0,554,FbkanePEcyr
124010,8023,0,36,eOzoVO3w5Ly
657859,8819,0,73,SV9hYO4Bzvt
938041,1835,0,221,6fmRqV2W8cy
217619,9558,0,605,ytM1hTR956t
248585,8057,0,170,iNL63KTSBz1
564252,3668,0,781,RrFSA6DiMXM
412397,2113,0,289,q7pUTSQq7Eu
676571,9310,0,455,k0vmfZDvr29
709561,627,0,64,q0YVAWSlbFS
540535,8787,0,922,P39KcszXVFM
374587,7008,0,150,i7Eqx4ceYvN
302433,9964,0,635,qYYdCjsBGM8
669807,5344,0,958,ikTyyI0cDYT
178175,6550,0,989,ml1aPAjserk
961417,8149,0,532,qXSIYJ0lveH
722713,6837,0,459,AJcRN5NLn1J
943927,2271,0,965,9Z86OkH57p6
954419,1054,0,820,XQ5j0WHE3oH
294212,822,0,329,AjnQVSCZMuW
119121,9045,0,971,dgIbEEyRhxo
477608,1183,0,966,vbmyox7XGSf
113529,8886,0,980,cygqm3gcn3e
266836,8560,0,314,GzgqbtEoGQK
999114,973,0,113,9Ciaot4DxGz
885565,3657,0,876,ZbhyiBnYQ9K
906898,8333,0,168,PSZu0SHm8Da
207863,3047,0,174,rItoIK3OtNO
265776,6483,0,272,dQTe1OdGqRu
471694,7055,0,418,X3x9mN86lnO
290724,8986,0,43,tBfWLrocBxj
885287,4870,0,565,qbcwlwGW1AJ
817370,4974,0,165,ryZvSt6XXDv
861215,9309,0,618,Ljc51rhaxHB
157863,1671,0,324,zQlRdNgdrpu
773845,4333,0,485,PVnmDNJCUON
873362,7219,0,649,Im1DdbWv6uo
4547,132,0,202,QRy2WcOubnQ
350661,5435,0,693,5pS78FJwYgp
182415,9931,0,54,kiGEzREnLkV
951587,5751,0,641,Usb8c3DZwjH
94679,425,0,7,t2dF1eTm6Px
700712,3651,0,111,i0ttHvvUfGW
644883,5611,0,202,lHb50hlyoKs
653228,394,0,788,Vmb7MKLfJBM
641466,8708,0,305,vkuKVyHKevf
801466,7472,0,337,WnCqxZAnOkb
514633,4813,0,768,pEbKASkNJZB
337716,8165,0,281,hB59l11SZw4
435803,2397,0,35,jdKjPGhQsAI
733658,2855,0,523,y0ZPzpzkMc1
257422,3524,0,483,WzzAZTXgYxR
399786,4651,0,280,sIhsUT77NNQ
528383,4410,0,673,25bGZQvCCGV
319349,4874,0,212,qGgw8f68e2o
977020,6821,0,237,tFgEjO9StnI
123604,7523,0,23,jjtwd2cx536
279551,4403,0,539,LPlSvb2In2Q
902652,1158,0,925,wtcshkkt936
451697,9974,0,802,TfEuQv1yQge
551680,9331,0,343,C1bHXHuLR3l
232005,2857,0,7,aq2ZGuUNDsl
499390,290,0,227,smVQMZi7r15
353726,8242,0,815,6EMPJyyrxKO
538913,2938,0,768,j82GBfZzIMH
431603,3878,0,57,3q1s2CsEChL
949806,6434,0,628,3QHNNfC9Q9J
584008,2556,0,640,PP3cQWSSh00
34024,9825,0,322,w2IPXwjG5Ds
728316,4929,0,215,1BhBtlHYPcp
526532,3023,0,296,XBTxT9MiCXB
450229,9531,0,571,b43daTWMbD0
284864,116,0,175,bug31kB6MKs
866460,9814,0,541,KPpROjqgpUY
813559,1122,0,528,AuW6xyVty93
594427,2819,0,469,QHN97juwU06
885721,115,0,601,nzy5FKhLgel
225961,7416,0,541,r3g254kOA0T
480155,6193,0,789,Mem9cQ43eMV
86916,9594,0,314,FAFWWHG9TDI
577218,597,0,690,pzZXutULh4K
972175,4966,0,899,FA3ZPt5cNji
968511,4099,0,839,fKYskkEstff
938531,390,0,558,KxpghKaJg3p
630473,6004,0,699,wMv0SnPYHHS
602528,3620,0,560,C3Kf6QnkJTS
944571,1889,0,659,ztHKoZydXNU
546447,3839,0,658,rp3XssoQ77K
525088,5780,0,7,B330TOSWPgx
924945,6705,0,444,kaYSCdbkRWq
404967,3264,0,35,xRXZTd0ZzQR
750857,4799,0,828,BkJbqzbCfW9
139111,4198,0,897,rwgNMIeN3R2
29080,2815,0,546,5zubPr124qu
63739,9848,0,164,bYB2JtblFpS
956061,3491,0,329,75fDKbqjjN7
226448,2531,0,388,iQOuFawppQl
549686,7007,0,362,OWAQHmij2xm
711542,1722,0,842,bOXRt6vGqhg
569844,947,0,836,5DgMqPW3mYn
206014,6669,0,735,8NejyV1igh7
472962,1241,0,473,IinYPk8LaGT
848555,1796,0,646,teYEf7x4b56
88217,7171,0,945,veZPJ5TFEAB
349514,2657,0,613,AG8qeLl9zMv
440390,3648,0,56,Xfd2h2jmCwV
20967,139,0,794,1bpn1twJ8rg
825677,5808,0,928,KPIt630SMW6
740861,1007,0,516,uZCQBOxRi8w
565990,4338,0,883,joHuPvAmSd6
658676,3061,0,101,7PbSYjL7Xpy
66794,8159,0,33,SPBDEcWCR74
151537,3374,0,758,UzuBTFPT12j
761483,9720,0,652,2eqr2kejw3W
600439,9539,0,325,R5FbS9LiNQv
737093,9311,0,265,DURB9rxdxZo
315408,9930,0,166,PLUaW7Ci1uD
110259,6228,0,298,pisEBF3syj5
596254,2262,0,727,73GIkMz6ncc
83972,5463,0,329,Ihx08t8DkIS
329053,6530,0,499,jdcYIwjekfY
403527,8834,0,19,pZ52Vt2JnBj
179130,1650,0,164,uSkuB1iYPTH
410974,1933,0,462,zoNh7JPWU2H
65716,9236,0,479,fHib6YDqNZh
909552,3119,0,165,N5br23WofAc
835766,9940,0,301,37l12VZY8I8
526566,2846,0,407,viGO9PBBttF
313905,5624,0,351,nPHpVIk56Gy
571756,7527,0,631,FDcakJq7Dnf
381793,355,0,162,6KbtuGo1UAI
21110,7596,0,646,ssrfA0IwZaG
878230,4055,0,577,uPyRe8umoij
69280,5651,0,932,gWPT7rIRifs
398848,9946,0,179,WPiFpiJ9Ij8
622707,1337,0,431,P4MuF1su6kl
425685,8639,0,906,xuy9kWNgtcp
669097,9008,0,88,qUOefLe9Vhi
884447,6214,0,845,nXB5NcuEG8p
801028,5919,0,329,4YMpyfdelsd
487729,2982,0,709,0W3fsW0CNxA
773590,4000,0,457,WMRkl17180R
50452,3178,0,930,TawpMAxD9qo
774582,298,0,9,Yu1X3QnwMzA
341043,2780,0,161,BYkrWbzcJym
401420,7583,0,646,3BenzMq9eXd
508737,2167,0,963,F5VHjwQ6TC3
709486,7327,0,483,U1mrGvzw4fQ
27353,7957,0,494,PPHdI5PXY6G
806852,6421,0,785,bp6jVP4oWRD
68744,3813,0,850,HCuP3P8iGD6
970936,1155,0,2,kHuQ6m7YJcx
927960,1609,0,93,wp7JpY7MeIu
314217,4353,0,625,9YfkSvP9oHb
738242,2199,0,602,aNsDFlwBGpm
278199,2018,0,321,gY6W317sQDC
337340,3178,0,815,1PCU6ddaFCI
985001,5032,0,347,ln2kp1mkS9D
505722,4940,0,271,7aQ467rl8X8
191967,7434,0,483,RBVSoMQRA17
992172,1835,0,977,zXNdTeXeHeC
988046,4560,0,221,KaxIHmOR8GH
275180,6148,0,720,V1kP9VtgpZ7
833248,5602,0,690,wYiclnOt0k9
262276,7383,0,654,JJL0O97M8ae
474180,6830,0,337,uGfdyfgFSs2
563167,3419,0,779,8kfMacbgQcY
191360,4799,0,328,XYSz5i2jHGB
380751,994,0,560,KRcGW8wuxks
786243,4670,0,976,zkewu2zWcQy
606189,8749,0,258,ot7eX4bSy6w
215075,4428,0,610,NlyA0mWOuu5
569681,1884,0,969,w59WlRH60u2
855538,8240,0,913,TwdH87edRPA
32385,5771,0,219,wTSHPPEN83L
339469,58,0,903,Nvd9HDatT2t
948240,2294,0,506,VesXC2l9ZgY
963904,8522,0,641,cj3UyggqsD2
479769,4147,0,339,kuEBWVApVNd
633730,8239,0,431,kq2FXIhd6Fq
610687,193,0,906,PUwceaZUTB0
818155,2467,0,46,iy1ZimqhDzc
11954,8829,0,753,bthkSO5YE5M
350371,9701,0,350,AQtYbfCbsIH
905084,4628,0,243,VzGWxQWUlGX
675815,5770,0,990,slJFH8CO15e
63245,3910,0,295,AxkmnD884yX
7214,9276,0,748,naLfUrNJm5z
329908,7732,0,940,d9qQ4Hfjdqb
90159,8942,0,879,dJPH6ROYohi
542591,9684,0,534,RO4XLu1IFPp
803377,3298,0,155,6HZ9a7Qn57k
589100,2296,0,870,Un4gDTfn71M
427142,1828,0,311,hxu4dvXO151
334793,7999,0,706,D7HNu383e2d
199066,8717,0,319,hdQQHWAO5ZK
266108,87,0,384,b9wFIv1KQE6
750851,4921,0,159,Z7ar1oPHSCF
16034,8498,0,219,9wVFc1TgSAI
205473,4441,0,989,9f7V91HB53Z
861180,3736,0,524,i9rYz691djx
18152,969,0,560,F0yuLH6yjhE
14241,8710,0,402,8aq3paNG7Bq
941809,325,0,656,B1kJzo5G5xK
519580,1110,0,743,bxIbcqmCgw7
615299,4654,0,571,qkoYmGWx0kd
174515,9713,0,640,IX6hWJaY51c
843080,6741,0,608,hXCKSEcrkyS
56602,7212,0,104,ga664MU9uSe
582289,8407,0,602,u6ikzN2pb6x
447529,6200,0,23,DFmbmQByPi9
371903,6114,0,552,8myW4vsnP1A
768603,2990,0,474,ChwLZ74EiqM
134733,6353,0,970,rX3JUSVHqs4
491299,7608,0,272,1DIqL0fbncg
478022,3434,0,862,1uL5vT5jdHB
876778,9614,0,201,4og8n4ozFgK
59833,8032,0,140,U6JXJr2OCCe
128728,2640,0,769,VddAKGFUZEf
856004,4846,0,920,Xl0NvlKCLyB
795813,188,0,972,zXisTs8B2ng
818752,1073,0,635,vOrEBdl5gTq
537725,5862,0,912,8tM0ViF1zAG
142276,1215,0,138,P8Vz4gBkENa
237054,8687,0,57,xENoB4S4FXY
548401,3172,0,526,Ldjsfvn1I6x
33794,670,0,434,gSdtCHFA3mt
11290,122,0,142,x4WfwmofSVG
226655,9533,0,189,ZcylYz7wRji
382390,4101,0,544,fokIvjtTnWw
298037,7165,0,376,lBTuJfTEY5d
545193,6335,0,98,HQhRdr0QfiW
734060,2129,0,845,ggwoxeDcLIT
990593,5917,0,465,gSNkMUJPesd
980133,2805,0,639,zv1rgEmtmdR
684261,432,0,47,PT7pOLEBTfo
814546,7873,0,836,O12NqVxCNP0
788583,9020,0,241,xz8UsUXqao6
59675,5217,0,820,PAjOBy01uUn
30784,8212,0,576,ChFPkqsmOg0
508923,5419,0,820,x4H1BanaCfu
264201,6111,0,266,lPHZquR34aR
120430,5997,0,451,YWoAVjl19VA
500974,5400,0,721,UvkMgKCkafx
366844,2639,0,462,hDVZ2H3OkXi
721356,6240,0,261,OZYFPtJ7RXc
992143,9440,0,31,2Mrw8vzGC0e
14851,6822,0,145,8lFTSD2Xx5l
464123,665,0,104,VPl8Jr6JyHp
719445,8542,0,717,qrx8Gjk7twZ
379685,3012,0,123,OLKbFFc3s4r
951193,7443,0,416,D4kjSNiWO8c
463852,5659,0,486,877AdRlzOfS
519762,4229,0,246,oUUK4GquNNP
33251,611,0,683,qboT29m4sUw
278788,4519,0,378,SZmXqbNT7G6
272302,1354,0,609,pYtVFOcXKeq
632355,3141,0,807,vDp4UiTL5ZA
741017,2635,0,596,zZRqm8PHGqL
673760,2244,0,450,8SaUV0HOZ0c
902632,7768,0,350,K2zVGBsr3WD
365407,8381,0,111,xgSj8XpYfeR
563266,7858,0,455,6iXxN8QZMNF
418490,3926,0,271,Ner7wPlmT5O
485938,5472,0,914,tgiQFzipkF8
60587,3389,0,853,e6LnMX7UlGm
966602,3882,0,756,qzdRmpVaRZR
205080,9609,0,469,eFbm41WrtJd
980431,9110,0,286,XxlD2dmv2iJ
711727,5655,0,148,b6Yw4EmEB0q
477298,8391,0,452,65bZlb0hi4a
375973,710,0,620,eZmUhCPoaig
283887,5778,0,898,nbWjZncsdRE
75225,9852,0,612,hTFVvUHh8iP
333627,9656,0,358,AiMXYgH2WJj
546215,2164,0,380,fHL1tHMpJ0Z
557970,4501,0,492,nqE1Ut4omhJ
434380,7937,0,220,C12fcLBQF9G
841811,8079,0,971,1MiaHjKTCAt
224854,7761,0,165,UAju6TpijPl
335969,3223,0,826,GSJSmbuA816
473518,7116,0,308,slTzq7bLOQh
661409,3225,0,688,Vhrz5tLNdCG
845733,5172,0,945,F4mFEchIFMu
697263,4960,0,245,rAAqhzv7UOE
304487,5977,0,704,vxhNAW1Dyrx
152972,8175,0,80,6PNB288spgo
864601,4161,0,141,QZGj1VI9ZaX
890885,9445,0,949,QFv5CIFVAM7
423618,5287,0,403,omiwgvsMJ9W
368707,4224,0,174,tRGpvxIasUS
840837,8351,0,737,QBdcnrD7JXh
412563,9720,0,469,4YWLSFTiIyy
416903,3163,0,440,1Bv5IG6QXYo
613486,887,0,703,EFvIf44xRs0
702740,9381,0,336,GdqJC2r6LQO
539157,8710,0,286,AqwpP1NdJFP
394693,7255,0,327,zjOWhFZbpFO
317810,4321,0,842,fm0mFsqX7m0
871416,9361,0,8,DICudXanX7a
383560,8790,0,930,jf6Hd5eRqBu
325348,6570,0,153,DFoALZGFTvI
362820,3310,0,108,m58y40thziZ
467456,9919,0,53,V4G7V5sZOKt
833100,8985,0,455,mN3YrhgTESK
553193,3691,0,442,pJ1IT6H4kFc
188052,2655,0,450,frE4hQl87lX
85322,921,0,655,wd4OeXBr2K1
888244,9804,0,195,Jvce6KFo1eu
448797,3200,0,65,dxQZ5dy87ai
86485,7723,0,639,wCGZyKiU1XT
116278,609,0,216,PR7ZIOrDt6P
962953,3281,0,319,1OTXu3sYjCQ
241926,2699,0,911,3KVQmOWzseX
429258,5115,0,805,kUGoFBlx3I2
430214,3681,0,135,eZLusZ43frT
440990,3445,0,375,kdufD0KHfAx
49005,6676,0,562,pbAiDekJn2l
981708,8916,0,213,TpfvSdlICLz
569752,2037,0,699,Nl1rqEJKUEb
446559,637,0,960,sdTpMN7U0K9
505972,4539,0,934,eZod3VKC8St
713687,1574,0,653,tDvza7pSr6Z
486927,5793,0,116,dU3773iDjl7
573936,3923,0,725,hT9S06v4pUK
546244,9357,0,12,4hV0hh1dlaG
986204,1875,0,329,2FdfMVf3OHD
849355,9690,0,111,JYr9TRaVU1h
251205,5655,0,174,zgZAZNl6ulZ
721735,4712,0,710,wldMfLBN5L6
191071,6730,0,961,hqLvtXXXyfr
344064,843,0,513,VfKfCYyq2Hf
705113,3456,0,49,qy3BAvFnbIg
371793,7294,0,975,HDPh68eB6if
256487,6192,0,537,y1BLfzBks1S
253615,4920,0,203,KEkzBRPnLTM
268049,5791,0,2,mupSgCeuQSW
171436,4386,0,505,UR4UUXoxgvU
181777,5583,0,707,v2esztWbpme
121027,6630,0,228,tAXjCVkgFYj
879484,5564,0,997,8ta2yOTSUXD
252198,3899,0,807,BFM42v1GDj3
726250,3575,0,352,SktoSMbzQzu
744487,5364,0,339,N0TwEQ0lLCv
168581,7751,0,441,qV0667JHdsx
586237,7218,0,673,wJSpQDjo0tM
586639,5195,0,116,ENgCgsYMEUX
351012,6264,0,194,qqSytcKogok
135586,9373,0,517,PPmNUjuAprU
387093,1288,0,678,Ix3fz4GDDMz
327946,5418,0,363,l3INK0GoEH1
56002,872,0,501,jhx74aZJCxR
901061,2496,0,75,1g1Op9AGE14
896122,1585,0,809,zeOdEjYOA9G
72692,9196,0,16,7jZcbPxKzDC
654536,5904,0,528,0WAqaiqFKBD
343784,879,0,335,DAMTWoKnKKg
781561,7618,0,277,eXdUX4ZVWtH
645524,7206,0,943,RnTjfAhNOrO
667905,5725,0,529,hD8kkroeWEu
890394,3869,0,263,luibyCn3uRh
7922,2217,0,270,nYxeIJRfeBT
409007,9584,0,469,PVLUp6hI03u
120547,894,0,160,jzhkD2RhWR8
974844,6381,0,498,qkibIgVnoef
215733,5059,0,781,ZzYmHrbJtCv
760141,5143,0,332,0dLXvtmH24o
651824,5470,0,117,BzyW3IIZSxF
620831,3961,0,63,k1wYPIoEW5F
803255,1055,0,198,l2AQjP6HIUz
555989,9157,0,882,PRitDkHmaKe
389432,1766,0,499,tGT6kmKmHM5
6403,9038,0,298,CXcgfjXw9hB
268308,9053,0,806,sJZFdWM1V2d
535314,2560,0,303,1n5BLMzYVWb
714590,9142,0,797,HZcZXtCJBHQ
51791,6773,0,667,klHxRxHsbYR
780605,6268,0,724,FErXJqlbyPj
998882,2165,0,884,QCRpB5fURjh
86817,2863,0,518,28facDf9CSl
234436,2590,0,281,PujUMkKUX0E
696943,2995,0,817,Ni6JrTZpe9J
859085,5845,0,635,XONWUfn64fT
35649,7138,0,694,8KzZQjxbhwm
415943,1396,0,644,ELEGeFZneRl
975592,9791,0,435,CXCkpJbOCG1
54589,8769,0,67,lcQgJI9RQxc
182480,9348,0,6,kDTU7WYzPHI
530980,1229,0,268,W3xebym7vek
352780,3872,0,418,dK1zc6o7DQB
633803,4368,0,749,MURVPae3wGD
132761,7253,0,960,cR7VPpA1RPG
401704,993,0,132,W91HMTsd3FO
748287,3756,0,616,FWO8zZ007sI
170247,9519,0,12,vOuPPMKWUHG
103229,6610,0,938,AGpqMYW9S6f
571547,8191,0,806,PLCThGaDLJE
230514,7746,0,592,WZmtUcInMw8
540948,4065,0,196,UFULJdNAE5E
229527,1453,0,439,sculkRqG8bn
322152,2493,0,753,SpQbOfyzGKh
495827,9383,0,189,6uQQQl6F47B
27803,2907,0,368,FDs87tRRo3B
613571,6438,0,166,KGRwEDMt985
928660,8127,0,2,8aITzMqYeAu
376880,1302,0,351,iYh7pWjy0z9
694689,9876,0,836,cSAgLsZqTMv
691088,8440,0,929,y5ZBj2CQ1x1
948965,8411,0,970,YlxLdHwiJET
50505,5326,0,567,iDstmnKMGTL
937973,9386,0,224,61qAaXgL5Nk
249735,1526,0,983,UFzoESwE63W
564586,1681,0,752,W0nHMQi3qLd
419426,3291,0,2,oZkDLp7xzcM
135239,979,0,66,OsFoDJEUrq9
898901,8938,0,584,ihlb7ZtmCC3
683844,4979,0,833,Hy2rP1ZgWKV
823844,7941,0,32,jLuMSEZInde
231482,833,0,650,YrV0nxMl7Ee
225025,4510,0,809,fDDmCmeNMJw
755136,65,0,469,Np2n9KpsG55
271835,2032,0,389,utEbr1AGb2Z
612887,2972,0,543,u0UBscvowP8
803555,3550,0,957,jXc2hBKmGQe
117122,4167,0,175,aF2N3BoKiag
383068,3872,0,85,2ZYoT95RuPY
162308,3880,0,38,fwCbGM4aTRX
661745,988,0,268,tvaT0qaJeIc
783579,4567,0,901,GiirVPISeb1
404243,2747,0,851,Vk2UcGJJUI7
337220,9008,0,997,De3WD9fjDqb
160978,9082,0,168,8ZRvJ1alKZ2
898950,3579,0,624,GIKtLTllLE4
299278,6351,0,76,JyE4JyyB3Yn
180295,2898,0,747,BfPydZPuJGY
866977,9331,0,661,inv2Jxm280V
645582,8986,0,808,tW6qSxWr5y8
289769,5087,0,219,JL90tMMM0q3
182179,9431,0,691,pSeWrwdQw2m
152908,5376,0,947,oBQ4PS5IC7v
2089,9462,0,737,vjUI19HgDBu
773365,8869,0,549,IK9ny30ydre
925392,679,0,491,dwR3oBCqCbJ
72484,1235,0,743,i5mjub99gZm
885199,325,0,467,T7GMzG734RK
232906,5831,0,392,njSJXopaSJv
793134,7671,0,122,B1fGa8kyjbE
567052,135,0,722,2DsAzrNPAA1
535019,8748,0,947,u44KBPagyCV
277919,1808,0,731,jU3sOXdMn7h
80441,6650,0,382,xkyCCM4IT2R
994929,7627,0,701,0GZ1kziryMB
515446,8877,0,878,MhQtACHLw7U
453741,9791,0,637,8WtaCEgvjh7
598868,9985,0,436,ZzbSXKne1AP
628954,8385,0,428,GkMUM305mtn
949370,18,0,646,seoztw5Ex0r
752699,2653,0,817,GCDrKgQAjAV
817549,3837,0,397,CrxkmiV2bl1
100586,8441,0,851,uaZo0TUqDCX
410435,7285,0,638,siAhbnbg8Cl
759415,4510,0,993,PWe3UpE75JH
397412,6631,0,397,aSHHapuzYzN
667641,2703,0,671,aJ0VE9Qr2kG
905133,3436,0,738,hnqaC6zviaZ
29435,5752,0,689,pJtjOWacf30
39633,9488,0,93,XvRi03vTJe1
986972,8295,0,956,QGodXe1irjJ
151373,4370,0,131,dLxdeRdBlOr
433734,3985,0,364,O8vivUig2Mu
835212,9408,0,325,Xhqg6fl4G9Q
724336,1820,0,893,ZB25Zda5B0R
271167,9122,0,469,ezpREfuIZUd
35048,2266,0,497,sGSx66Cz0fa
330549,5085,0,666,VzSXZ4MORLN
931309,2203,0,238,edB9yNB7isa
413537,9476,0,74,ItqgoCLhIgw
500748,4010,0,411,yctJ17yMFhb
822790,3289,0,228,0dbWo5djDrn
45800,4839,0,239,6icF0RmhGjG
359398,1164,0,383,CrAZpVGJ8Mt
472520,3223,0,758,wVaWkyVEDqq
681545,322,0,450,bcDmE6S2kbb
768085,7743,0,796,O8FI8rH2t3N
452047,9966,0,605,8suZVLWQyaX
60390,9136,0,797,Ic1jlcAqa29
441874,1275,0,503,UXEwSDxVENC
75895,563,0,206,U16rgeMQZK6
783202,9332,0,26,z0MOW3mQmTD
273232,3194,0,56,tmOKP38NQ7g
482327,5765,0,720,q602u9ewcso
532097,690,0,2,W2mqoyVwFOI
819466,3083,0,421,o8eOIxo7Er0
962330,2354,0,532,gWbhg7LruAO
396628,3059,0,827,OqBW1v0NEj1
75495,4557,0,666,zKW4NEXO8EH
837778,3829,0,268,bshRlpTRuU5
467969,9432,0,463,ndifmnSs582
872650,2642,0,259,PAtuIkIm8N5
887471,9501,0,180,ubVweRoP37g
963360,4829,0,89,6OVmSb9ojrS
21306,5309,0,224,lFiIjPoli9x
777285,9817,0,667,Gxn96VELQYR
907157,6041,0,271,DbhHzkItatn
146882,556,0,119,owxcegUdNwg
615783,6270,0,765,hc5AL3gGkEn
840191,4672,0,533,Ncnt66t4qtH
425239,5662,0,548,FUHkIZR8EDn
968181,1705,0,187,wp1tEWkGpW1
114364,4494,0,322,k17BEfDabcI
377824,2725,0,40,gzcK6A6vByG
442749,9457,0,724,qHCm0fkYgbG
902387,6900,0,557,mPkmgw84kvS
372653,9247,0,729,RfGmfSFGYL8
844687,3372,0,300,fnOQmC2ao3B
35943,196,0,454,TVfMzY4ko0p
266126,4673,0,925,6WBBrWGciz0
30963,2405,0,982,tV1S1IFvDZh
866516,5965,0,712,HS8I7imsQrr
687841,3229,0,591,Ubm7LvSyl7q
744716,7971,0,861,FFTVr7T1aAN
301776,5627,0,862,CJYACqFkiOH
990754,9821,0,667,1mcku2IqzKZ
210414,212,0,841,DQRWLLLN4Kz
260891,4916,0,566,z6qBc4B7vzj
768408,2280,0,733,BFuUY5W9LlJ
145727,4978,0,566,Oknuorra0hy
482171,1032,0,440,zVg7xsJeuql
563440,3838,0,867,vDuHnmILgOb
249369,2114,0,671,LZuWu7cLSPu
492296,1170,0,324,stHJI00QIKD
870466,4557,0,786,uCpDHPpwcwF
638018,122,0,192,q1ShdzJFo5e
772432,756,0,12,cB0oqhmG68l
7471,5965,0,542,0mxO2VETDLs
650806,4459,0,77,7ZPO8Xnggr8
599049,9855,0,522,5eoV6frTzxk
529810,6967,0,144,3MUi21zvx1U
214752,207,0,100,bUGFWyXYGcY
248541,26,0,279,ajqvjup1h0K
228099,6545,0,820,llkiSCi1PXc
448019,3113,0,764,1Elu8hA0EyM
901177,552,0,300,QCYW94HXBy3
671040,8601,0,247,Kyb0XUMytMG
933550,2033,0,27,3AqQX8kzeLA
844362,633,0,457,eFOeQtZXl3e
796240,4451,0,544,u5UC5ACF21Y
402208,6707,0,311,gBxzNklpe3Z
159871,3471,0,201,nEaXj5r0NDl
278144,8207,0,681,LzHaKaIaGr1
764978,7272,0,746,FniBJlMSVrK
849400,1497,0,616,oxkxCPOoot8
2522,3693,0,474,Y81DV1r96ye
469161,9672,0,766,DVcKSPjciBo
481709,7569,0,643,MG12zu6PGhg
342938,7982,0,216,lRApZ6o83CV
834570,4472,0,393,150GKQ4g0LL
754433,6297,0,579,i6zyq79238o
713113,9409,0,514,zpPT0XKjb8T
117823,4530,0,445,OqtzLvXmkiO
104048,8464,0,366,4FdNAUWO1pn
413860,3151,0,531,aZ1zcgkW6VE
312790,8176,0,391,iKUAwam9N8y
631376,2504,0,611,lpRmF01NnGx
358525,7333,0,730,JnWFLFVWVCJ
483693,2410,0,710,8Pw3KlncR1k
740523,190,0,244,Mzha2eqnjE3
312254,656,0,144,08ZS9sOgaNt
607572,1077,0,617,MmgYgEfRJGZ
888516,8776,0,765,ENW7eSt8PJw
268259,4602,0,813,8rxk84WpKXk
994453,3332,0,845,GNAXjhRyuzD
17300,9770,0,136,yc3713o8S66
840589,9804,0,506,qG0Pwxi0MA9
13410,6924,0,299,Uo4f463lRfK
717240,3171,0,976,vN5kRKDJhUF
949967,826,0,772,9sh5xVYUxkX
789240,4294,0,480,nqPkGDAWw98
84446,5930,0,991,o2ozjSqKavm
761701,3814,0,57,iypZUobXzrI
931202,3661,0,221,flmzayUKZpF
582281,1272,0,938,20w6pQdwg0C
839243,9890,0,635,y3p0LJEk2sL
449677,6432,0,805,zK6BETaRms0
132358,4234,0,222,VEc2aZfioGT
699934,3564,0,23,Iw3l1TWafIT
433526,2611,0,221,WKNLXHHOGwm
629033,4700,0,154,bYFSnXPsX7c
802464,606,0,844,xBPmmnB9zqz
925050,3094,0,840,Gnd70SVzziJ
373044,2853,0,196,MfzJ424Q3yn
998084,9938,0,84,bL7sv9gGv65
861193,5683,0,11,kfkcd4pd4kJ
857635,5630,0,591,0gfs2rXsP5x
667259,3038,0,319,Y4uzj2YCvec
589131,2273,0,424,D9XdJxT72ET
464148,1921,0,855,IxQ4HL14qdG
649752,7537,0,728,wbuLOehjuTF
362736,5358,0,338,ZamzAz7irmN
97113,9090,0,811,9FKtHaAau96
228915,6720,0,290,g7alxNX2y84
212900,4530,0,248,EGTgbxIBYBj
172073,7376,0,741,Xy2UWxrOObS
84845,6805,0,197,YfBBYIstlev
55915,2463,0,735,X2qbNoWE7ul
738796,720,0,868,SSJ9KQuOfHM
989736,6543,0,766,bMJC2G4Ymsw
933974,3833,0,595,6H1KkgMs5j2
131690,5518,0,378,LKPr6g7iWHC
634891,3431,0,871,N1oApXcEW19
15760,6395,0,0,FkJt15S28e9
148847,1529,0,966,QLDcDso9m11
265358,4159,0,287,FEHtM2JzdKG
904395,2680,0,688,7MjLgm0j6i8
197160,6781,0,833,X5IWvDYv8wP
82654,725,0,900,gCwT5XvmVRv
497992,2805,0,285,O1BzODXapzg
567706,116,0,382,cDvdJUtttSc
130257,2408,0,967,qbR04oAqPfs
644317,5635,0,456,fWRP5PE0Zk0
156721,1855,0,593,mmOcHiQfYAm
709390,5850,0,304,U1xUD84QRDp
677351,126,0,244,kk21Y84uC8N
106268,9285,0,256,WVWitEtpOSo
246730,6845,0,122,3WYOPJnZu6j
873762,2588,0,627,DLlEquGo06R
714816,4339,0,535,iRiEnyjspNN
485897,9951,0,19,JK5RaEXIERk
750506,6478,0,159,wOHkcFjYFZa
300989,1913,0,963,TKGfL1H6Iiy
195803,8152,0,181,vjPaYe1Tqmy
964425,8616,0,618,RVna7AWRPsi
723163,1985,0,624,m0DAMCThb2H
499235,3965,0,171,UbMdysbp8nb
9663,7030,0,769,5lNkC5Ht8c6
171940,5330,0,520,pCxCtNV5h0C
672211,461,0,449,Ml81doGoyog
130417,8335,0,979,TlqOqFSomVP
706317,2414,0,221,m3U22fm7Bfz
176575,4960,0,615,Pccct1qBPaz
729023,3263,0,196,xX1SiLFq4U7
487790,831,0,238,qj97p3H8OC0
899744,6950,0,748,EEBHQjwTeME
889145,7291,0,519,WYA6O2L3OUC
400581,5427,0,447,qAZMMzuOxO1
439464,1062,0,900,4Fyf4pikUEg
968866,4562,0,421,oIHMBxiVBbK
902950,9402,0,792,OqgE4jGhLQa
476936,4625,0,333,nULf5F9gXT9
200926,1710,0,318,9eXtMX4oHJj
884737,5406,0,140,uyvF79oGGuP
514578,4192,0,321,EZeJeBkNR9A
863737,285,0,751,wHvv3vk6Kba
893253,2694,0,456,QNXeS09ZDvz
79025,523,0,438,ieFUT6Ot0Am
449858,857,0,982,6sICS0thPHo
311076,2015,0,463,GR1cdR0XhnH
657706,1351,0,878,MH81Ah46Tbx
751364,121,0,414,kSQCQ8G9sTK
203837,9239,0,760,BXrMVLGjT1m
779997,3056,0,251,Qr5wteWpgSj
977159,606,0,398,baZgaCSRVWH
199807,2073,0,593,Q3KiYkuKUDS
731687,4786,0,266,SXKQC3nTawc
879307,6328,0,901,sc1CXbljHQA
224039,9993,0,262,EWbG6dQsbWU
551609,5365,0,769,aNkMDu4j2Vq
68462,8812,0,754,hZTMOKFsFJQ
781774,6455,0,511,bH6vvTNtJny
363609,1349,0,123,IPLPBbNYtrP
185518,2394,0,929,ZbPftodXP3c
447937,5556,0,308,jgtsF6saztM
628468,7156,0,861,FUMTqg7vXLO
778817,1424,0,386,wmRk5SbxbV2
580120,7198,0,600,AMYG1iQlG34
829475,5871,0,69,NX7W9qqILdI
623513,1164,0,239,2nK0MWFaBPy
203815,3229,0,767,7pWWhFsNsya
751182,9638,0,492,6FVRRQuvSQV
616296,8452,0,31,5wHpulyHCEl
941955,7376,0,179,GAtzkrqeW61
382981,2439,0,142,ovLTQqh0PSn
716797,2560,0,570,sNMMdTuvfe2
99922,1276,0,517,rBLsExRcPhM
146313,9238,0,708,TthC0e5hcVw
634123,8871,0,733,Wz676GiL3hw
929192,1768,0,975,gltLpUSIsFh
589038,8998,0,779,D0kygXIkiQo
354629,4426,0,548,y9Qui07feBl
365262,5624,0,586,syxauB8JD7P
372384,1692,0,324,D0if4irvHmL
711382,4375,0,476,MGXZC7gzm9l
25260,167,0,392,Mo7XRinef0K
992692,4463,0,379,SLcr3z9NeF1
274184,6369,0,200,mIl7C6FPpBa
577649,6818,0,562,4Y0zvvfgIuH
576540,6331,0,633,QcjBqeskYPB
362265,2960,0,786,qzkSUJYgMy3
51385,82,0,575,u0J9vEjv7OA
707224,9603,0,957,LUQ1IwcMpzl
63758,1803,0,901,tTecSzxU68t
806425,2060,0,648,1MSoPSKCKC5
864675,9591,0,550,DAuOBbP21NK
542139,5355,0,879,Rb4Wnocpy01
759686,4864,0,505,FGvs6J0sxDe
709830,5228,0,266,Kb34PmXoyAo
784776,3768,0,878,7oYhSma1lHl
232335,5783,0,590,Bk7PWgKBLv0
88754,7091,0,315,RloKjt4ovSn
518541,4883,0,555,2rBS9QCtcET
782856,1302,0,885,4QrhprHGvcb
450851,5460,0,906,t4l6WmsDxoo
210703,4486,0,405,r6JxM1LQp7z
289914,8789,0,987,YRoVJSt9mwl
469948,2815,0,888,CwXiLwif4Bb
921954,5610,0,218,4TF65q8XpAV
498211,6612,0,697,g27Q2mSfSj8
136545,9358,0,849,BLbfYxSeGWv
68371,6443,0,218,upVEEGi2mIa
490814,5186,0,718,sGZakrhnR4T
458786,9064,0,265,kWINttjefp7
671855,1778,0,777,SSftnhdbUP4
25928,2420,0,817,usA1hnUH8qL
760827,374,0,286,bqMJ3eT1lF9
862771,9771,0,770,QwbnHBhaW2g
245786,7533,0,615,sJartFItflh
29305,7637,0,993,AWPKwbrQpC3
375788,4643,0,1,IFNGT0tVtaX
519131,7021,0,323,57yoMxRLZXE
852164,587,0,674,1mvmRCTd7lQ
645569,9930,0,728,zQ331DEtSEl
111651,9181,0,802,rTFgdldkZ1B
514415,6862,0,513,YoCFZFXwK4V
775007,4822,0,123,6bSaKEApHiI
829609,8216,0,350,MzIdWwpCIwL
505102,9091,0,836,Jx9hewuZduY
474770,2586,0,97,ermULz3M7iM
88613,6505,0,984,wwKvDSdI58X
802277,8071,0,57,5boCzkMQzA1
711085,9410,0,816,aVFCOksbotr
532569,1385,0,126,XIrqi66LDeF
381870,8562,0,948,eSPNbVUhnXV
473832,9874,0,858,BdaDECANu87
194690,3597,0,631,5QjljJPuNd1
322629,7010,0,504,NOb05N4oYsV
379182,143,0,493,ppB46AwD50Q
712275,5825,0,968,1PJ62b0xfZW
331554,3529,0,94,jURoIxCZ1uD
804534,8821,0,409,szQcQZUylaG
842750,6115,0,52,ozXW4GUJYYx
287329,9919,0,971,sFhFvyF11m9
468773,1326,0,34,arLkduPRhQM
320040,2602,0,533,YK1rJJtIGjh
452914,1718,0,267,viirnMUI1SC
137663,1241,0,499,ScIjLqXECAa
692980,6220,0,381,w88vuPkYPMb
903968,6519,0,841,4n0rANNrZGN
164990,8987,0,343,0oNGD625gxH
468044,4643,0,688,9OQbQKy64zY
920958,8964,0,159,M6k0JQrlnIn
10600,9967,0,880,UHCcB3yRlUT
247427,9566,0,37,F2k5rTffFbP
935205,8610,0,77,NmOFwW6Btth
16357,195,0,7,Z8dBQaqcNly
663516,7124,0,807,MjPJGpyEvM3
649827,1878,0,57,70oNHzCzby8
527722,5428,0,282,YiUrK4Vcnvb
182099,6550,0,108,gSaCkWimfj6
578085,5940,0,342,llIynY5yOK4
150900,1188,0,597,pA2YiXZLnvq
717994,3298,0,0,zAkcO9k8FqR
392271,9125,0,634,gCGAWp6jDnn
64905,6728,0,749,foK6NZ2CQ1F
395493,6147,0,812,VQxZk0bv0V2
275295,7439,0,862,8NKfFY10wmM
835490,3008,0,860,WoQBnZsQqVy
980190,1255,0,878,lrxPafzSPTD
642584,7779,0,251,O5QxPymjYtI
298235,1318,0,698,CcHwDL1KWAb
748245,1671,0,472,nFYYGTpbNpT
334655,6590,0,220,sehz5DqLoHx
548512,4850,0,153,1J3GOyGPvgj
370214,9053,0,872,cIXhV7ZaYio
866427,3295,0,412,YXNI34tNokT
324855,1662,0,736,glqPzGz0luR
714035,8705,0,753,zOPpmoUxqzT
599023,5365,0,728,zs812NA1TW8
778664,9855,0,571,R15e3AUoKIH
672961,6003,0,181,uwWoMC1PL97
600998,1148,0,748,x4ZksaVjJ4y
227566,5927,0,448,H73Cb9KwpQY
963805,535,0,912,HiS88kITIql
104873,2077,0,567,uyh2Sg8XOHm
674893,6478,0,8,yhGxwu8z4FQ
772513,3432,0,21,70CBR6bzzxq
88643,3028,0,407,CDc4ZY6KvG0
362389,1689,0,458,gBRIlDH2Shp
927797,3576,0,920,UOYKQ2fWA4Q
845594,1838,0,988,geS5VamGV8c
889002,277,0,286,B00b9nocxJf
311769,5423,0,682,h9w9x8MWHmy
5660,1951,0,638,8Mm7e2I7xxu
503961,808,0,839,nwRY3l56zY3
642041,9982,0,966,fjvPdUPuzmw
601439,8137,0,951,xWTayGQYKUY
449026,5885,0,2,a2ZHEYUEUZ8
193266,250,0,489,tVoHcfZiZqx
325693,6573,0,774,46gK95bM2qq
274156,8722,0,567,TOS4nj6i3h0
339944,5819,0,192,vRCtuyGkY3g
595171,3848,0,542,qwKhVz5F3MB
129980,6280,0,1,PqNx031sFSZ
137727,4337,0,271,FIH8Ve3vGIA
214742,981,0,483,hHeH5Ctntnz
739015,1990,0,248,XrFIDUOb5Uo
629491,1312,0,786,acx69PDoom9
603095,5380,0,237,vpLo7y9rZaJ
26402,8777,0,458,XrCp7sVaw4K
543963,1444,0,212,8kBGp3fC24v
467441,199,0,24,vlue82W3Vkq
685627,4764,0,373,Fv2l4NIic5J
25088,4951,0,19,aUAZwB80hq7
810354,4853,0,301,V1HCgwzihEr
690197,8670,0,684,MpwSGGWIZO1
921790,3249,0,54,T6mlsAKrqA6
426674,9744,0,805,4klTF2gnQeF
791306,5238,0,716,QculDWFtrW6
154874,6896,0,238,uKc3zvqlpi3
584433,1579,0,503,CnDRQpR7wFS
259685,9259,0,202,QlGwlVxrv0I
152792,8771,0,557,jNRUxoPuSC1
864174,6347,0,868,bweKaoyxA1N
279115,7351,0,387,khnlz72TQfh
887244,6853,0,668,CGkbGl3K0uD
502621,9748,0,495,Qo2qCbZBZ1v
575624,970,0,663,FJRPjDrujGc
894373,4997,0,551,Ersv2nFuh6f
228527,173,0,527,YJP2Fq0fjYq
506630,2615,0,609,VI6ce3Ej1Kp
552975,4976,0,825,iTBRyCLmvCw
55235,7811,0,548,tY2lvqwiCu8
904734,1617,0,586,CgOkVuvJJ28
849248,5714,0,633,s3BaRXx0v9g
209938,3685,0,847,KFRfS0xned4
249029,8548,0,921,pZVVqVhIGTO
517736,3507,0,543,1q27XAWGp3E
66038,5260,0,782,CKmTWinnOoZ
105645,3454,0,283,Hr4qrZfEdlX
233376,859,0,342,8o6bij8rEtI
66468,2572,0,883,6iRyilIySAc
64635,1890,0,995,h5yUPcBoECu
616337,7511,0,377,2UAoXUi9aLO
797596,2596,0,825,QJVFNRejJMl
91709,4746,0,41,M7ElLjVKzfE
147904,6428,0,929,fbp5Lp41uBL
790079,2267,0,961,kl5WCnKlbkI
67742,9932,0,170,giFFWZWdz5E
510844,1787,0,172,WNItd2ql835
649431,2413,0,215,bXNSuUMP51P
138517,3098,0,824,PAnRxhjE6UH
107425,2036,0,745,uMPo90aFk3E
619249,701,0,338,tHlrEQiMKlA
499701,420,0,536,fjq2JtrOuH4
137269,9793,0,171,Y82OQfm6tJR
158649,7315,0,926,4ZHWT3qxHOx
765384,8508,0,843,vAFEDYMe455
645904,5741,0,724,nYoxFTaoluR
192420,7922,0,543,txapFDDNbNJ
880047,6778,0,495,hb64YohSnNz
670832,2820,0,414,TN29HcR3QOn
615369,1904,0,315,apv6Ya8Hl9I
591689,3906,0,589,wqZ9xqR10Gz
809695,1912,0,374,qRCNrNvJC8D
756011,4747,0,714,i0ASCQJcewq
665340,830,0,369,uTSDFZ8YqV2
77244,773,0,680,4XmbzwOHQoD
295960,5139,0,923,Dl4xdAgN0La
832846,5209,0,54,frztmSP1yll
96977,9634,0,801,0XIMtni6kxU
512439,977,0,328,QnyE8iTKxc2
898583,4248,0,328,xy32pEDpvqm
243637,266,0,270,fxTOrWWPriL
907658,2362,0,973,dzX1ZZ8uRsL
916350,9507,0,826,i9IL0LW65lR
824590,2123,0,561,hVQjv15oONy
576803,8756,0,731,zpVOeHkpgwk
230668,3161,0,965,NurLaeJ1WlS
51850,1685,0,713,NnXbrfi161Q
857701,425,0,860,K27f8fj95gJ
86633,3731,0,291,ypyVZnz4IPQ
956468,9989,0,485,EOaf9IS2GPv
216308,8986,0,792,ftup39Ukf0A
145028,4867,0,572,FFAQLozhYfb
984886,2757,0,779,69bMmM1PLuF
943213,3149,0,926,rsliEy1Fw8u
187409,3572,0,570,05buK1R7E7i
590730,3837,0,527,QOrqo5bvyzo
985689,5139,0,8,Skg64xNEiag
816261,1616,0,384,X18GixkJjGp
270336,6506,0,513,OVTcPRfYwYv
699271,1856,0,82,qy1UXRdVww0
281539,1514,0,783,OaZbmB4kRaG
312410,7822,0,46,s3SD0dMiNZh
14062,7074,0,189,yVhHUZSziN3
506680,2688,0,413,Z1Tgn5H6sW8
123491,6058,0,735,DL51L0D76af
132374,8966,0,278,Qw5gzmOxQPK
278652,8243,0,682,W3YSg8hNw5p
990020,5783,0,300,R2vajunqhQ7
862583,7532,0,457,XLy0cXgYHOK
426790,6147,0,755,t0utrdjPFVC
56355,7863,0,367,srINPRbStO3
37620,4855,0,447,uGtA26afTAH
308413,5809,0,405,f6kbJrjhdGK
551748,4535,0,202,KptCvxZ8kVK
801956,1620,0,142,e1xeftCV8OB
247345,611,0,590,QuiepnQ985A
971777,5583,0,897,GzvkMVEzsMO
830830,8248,0,32,7NcG8YiABXW
361767,6607,0,681,fEFMJdzyX0E
400275,289,0,885,ggPbLmAfkqG
699325,6274,0,593,dPi8Ilw47gZ
382872,2393,0,852,CW5hrVS5wXa
949363,9479,0,17,CTOVWP2cKM6
291576,9915,0,800,JeRJP2YayHn
678217,5989,0,412,zyUFPJ9FyeW
304939,5103,0,609,CFaponni3Je
916882,3029,0,146,gyKfzN9TNXQ
219005,5810,0,775,sNNbUtXIgOZ
239766,6735,0,315,xwm2jJcWt9t
68104,5167,0,217,KuDHXZsYHQI
444943,6624,0,161,2shmcojdmPu
432951,5490,0,444,oyAKluFcOvk
743952,1032,0,515,wmVMRzFOEVQ
572194,1499,0,752,Ozu7zoHqEQb
130873,6783,0,944,5R0oJkZCPD8
537965,2866,0,524,CFUv9hdMuGj
504251,2670,0,854,pHUnbfkgeo6
270418,2920,0,298,FwL3PhTeoXD
184186,5418,0,821,zXf5MMAldLC
380539,4465,0,301,fkWfb9c6cOz
541296,1908,0,901,UQIjuIREAcr
260881,1480,0,910,yy6BvlYajmf
837002,1914,0,814,TunF4KBAyfL
72905,7959,0,965,4ywn5wFjPbq
803715,2334,0,975,v7JimvAqhs0
259162,9146,0,517,0wbQq07SB5v
727378,4198,0,849,diplspVJDLp
287635,8344,0,766,VXNJefN7DRN
256128,4924,0,178,jbFOSEitfKE
790705,1532,0,349,qoy8MV3jZuZ
823646,5150,0,720,u8fbQqhl5jd
596575,314,0,457,ekXInCIe2Gc
254127,1944,0,650,Fdagf6M7VfU
928456,822,0,591,Yn6R40UvGsN
566335,3876,0,7,9TSVdnxdxdO
159162,1413,0,387,uyAptqTtX9W
777126,4507,0,71,EqlmkJ9A8Zd
132325,4924,0,113,Rj3wr5dCXZD
151651,2888,0,307,q4cEd2qZoyU
665950,2026,0,988,NTK5OO71QC5
997674,8897,0,592,amSniexS1bF
107710,7809,0,888,VhuvR3INxVe
287782,9514,0,491,YRrsph3ry55
274672,4711,0,652,1iYefIGILbf
869627,1959,0,828,YvpBAtLafhi
440560,7653,0,416,oKwVimIMro2
613265,1946,0,545,vrVfdhBBLVA
94466,8389,0,751,SJ8LrIAT2wp
437510,4735,0,936,SNVXimn9fUA
514289,7285,0,166,iXaR2UxbSil
331965,3948,0,601,CWBbrgLaI4r
298581,5414,0,118,a1lBGQcugMT
120702,2276,0,116,fU1GWNKG9Eu
455278,5422,0,968,TvFgNSm2fU6
791601,3225,0,545,bRB8f729tsq
562132,661,0,284,cRAd3TMozn7
891162,9126,0,980,frwqzearYxO
461055,1956,0,35,YV4sPkUW8D8
636935,5394,0,305,WVvgiI1mACe
112452,9187,0,808,X5fxBjMhJzW
553695,3131,0,758,qaps93ehkTf
60100,8458,0,643,WsQxzNl2Aho
517485,8309,0,618,EAOjQMUTRBr
83195,5770,0,507,vSSdocaiZSw
911949,3209,0,976,utBM6fNqC0X
870127,9182,0,247,VEn7TOZHoJ0
990941,5573,0,35,zrbl5bLdmdj
731469,2578,0,270,agXC3RH05iq
446234,7513,0,52,9OKON0cvThP
265343,5970,0,737,gNNAv2repfk
816122,9111,0,653,Ko7VCYFslqW
106199,2208,0,174,WKXglWwFVM5
647414,6941,0,266,H5fv6K4XKst
468115,8871,0,374,zDhy1NOvyie
860201,8237,0,866,JmOyq8CKLXY
446569,7126,0,710,lmKnnh6g1Az
674837,9284,0,400,UpzQzXuNNPI
140585,3559,0,487,09yieakK7jt
156024,7049,0,363,HWQUSmW7JUQ
224583,6879,0,365,zElWdZlEwsu
774260,618,0,456,kAtf2NabiK8
96282,7221,0,652,9gV8bpZkKkc
811519,82,0,86,lJ7hrgMP5q4
663924,4609,0,369,NL5ubfk8OS7
468331,3556,0,216,IAe3GSqHLTl
226020,8071,0,117,aVwhPxd066g
903013,2210,0,299,BSVdN9bPHTJ
573089,3748,0,280,OMSyqDP0GRa
417311,8730,0,658,dBQZh9h8Fgr
586570,4303,0,443,7cXspwJuY6v
946442,849,0,573,AcGZkZIfPwr
616316,1941,0,22,aPivtfUYt46
353290,629,0,506,ftj5YWBRVn2
869380,870,0,203,6B7Hansezpr
270510,6953,0,156,3M4IVL10IFd
263165,1805,0,481,nAISXvUOSBJ
308838,1575,0,106,7ZHlZwqAmJe
115159,2647,0,14,Y4JmGGB3H9Q
663402,8670,0,841,dblE22cIY5m
346149,7175,0,339,vDShlB4LIVV
164162,7520,0,871,b6TTM9t8fUW
341697,2998,0,307,Ktzpf2HvEvi
450489,4039,0,322,NIhME6kESG1
440371,3758,0,883,HCgfgr7NVtK
633355,7054,0,278,LYBSKj94ttx
915040,8563,0,216,vRfTiWNc0Se
881322,9515,0,47,kZA2JixrhtU
638361,6711,0,584,lkdkXANGHW2
920022,7307,0,23,54hdJkPoNlN
155441,2604,0,703,OMPQzR9kwPK
773289,6690,0,45,l9qrDFYneBV
691466,9480,0,751,Va9DwXUejFP
87544,9257,0,84,bML9OE88FPC
510389,6256,0,135,lObMz2WnlC2
291760,200,0,714,QCNRTFLfYeN
84667,7319,0,25,toItXiw018v
596586,9484,0,547,uTYOeAPan6h
206868,6431,0,547,mCvuIVxVrjS
272175,1988,0,601,3I5IZ4gTdKj
560125,8022,0,533,ctAkZOTaIgO
489625,1619,0,603,S3F7o4L3Xo3
755019,4307,0,603,46W6hchKLgq
127368,200,0,602,MLAxvHQq1iH
800858,8896,0,76,uwSL7yvFZMZ
298265,9643,0,110,xVpOqvFsMV9
684553,9074,0,391,0wlakAJwmZx
25016,1947,0,417,kIqir9AlVSM
736351,2875,0,591,yx2Rhm8S09x
169483,8103,0,45,URG5iA783tz
921323,6840,0,46,YFYywM8eblw
823622,7746,0,786,5rTcuCqtO8V
954005,3452,0,205,5Hd8RNUTVjr
845439,3181,0,122,LnpvKgyQLO5
575464,4420,0,56,NykAiQw0iYl
46911,5443,0,109,JhFzUQtN0bc
806238,942,0,227,y7kiFFc746g
844751,2209,0,239,GfuuP9rO7Hv
788242,5793,0,569,Dqe0Fyg7PLA
479379,6644,0,202,6j3nDzJfVkl
19137,4344,0,88,8dSF1X1fVXm
741521,6968,0,408,EPmU5Ftd06w
707050,1165,0,85,4mRifjKLYxX
323440,4834,0,458,v5pqcstYhV2
97201,5325,0,765,JfKhrlGHV1I
678732,9874,0,97,vLgenn8simb
196675,2750,0,930,HtJ7XC8oE3E
659997,6380,0,560,ORcU7RqeEAv
596935,7529,0,526,hLl8y0wMLKL
304992,8297,0,306,m100y2XNMUu
900353,6404,0,695,5yE3bYzOa59
98950,7943,0,741,rWX4xKA8UMq
384715,2430,0,777,p9WtVjoWAwH
421557,2552,0,528,laMPzKNrcx9
577214,6426,0,324,d9akxW7oTpi
470855,6160,0,269,MWoBLVv1CjK
151653,6367,0,115,skedHd9fwT6
964761,296,0,711,CLXqAscdX3x
196637,4632,0,310,w4mfvf1UyL9
447837,3862,0,409,5GgTwg4wIe7
847729,9597,0,313,ji4DsY0QoFI
860221,7486,0,30,WSIcjDUL9WW
478826,8070,0,874,nLheo3MsRUu
458204,7800,0,297,nSJQfN2zaH7
968628,2921,0,136,ykuCDaAReLg
784121,1349,0,599,F5KjwgdY4z8
774596,6819,0,591,ImpEFMAso5h
172140,9942,0,927,mjSV23qpeoL
600278,1757,0,792,FIQciawTSKX
718785,2508,0,972,TQFxaSpQWVY
263228,5068,0,982,M0bosgHXVkb
76389,6195,0,120,FwxGKqB9fkC
745303,7586,0,148,KaGnNdUXuXf
369534,6433,0,982,gEqz5UBJWGr
886137,661,0,32,0Mh22av2WJn
564762,845,0,841,KvMxIHd4Bwk
884264,7100,0,876,AWMipP9CjS1
118479,2748,0,758,ZkyCS8ccZC4
688974,9321,0,671,RdptVQmVwMM
122317,1265,0,937,q9R7FC63wke
209935,8748,0,913,uSxzsjOh54V
475382,6139,0,956,gzLTbth2Qkn
574198,7944,0,839,8KifdlugoTe
835598,5869,0,378,2nrrR8ATFOw
770223,7697,0,432,p7NVUNdNVnE
66742,2043,0,292,bsCrkt3ciM8
143163,390,0,704,oq23V15IdQ9
57293,6780,0,418,QQK5Up3GpZk
691411,1016,0,132,GxrgCYLzgb9
138232,5671,0,983,w6KYgplf3L2
43831,6144,0,493,Jpw1GGVGnlh
251862,7980,0,565,Oj2X9LEZG4O
537710,3266,0,439,A9TKytLEqAw
282646,286,0,565,6JvLiTSWfmk
573216,8667,0,276,Yz5cLWvaySC
254302,9793,0,384,8S2CjPxIrRA
374774,5162,0,543,MnDpHPJoWOX
851149,7754,0,54,b2yUIaCgJFK
421828,4569,0,918,MyidemAXtIM
392272,3382,0,450,ao9XdsfpAq3
187286,5454,0,230,HE9g4iulxRE
146636,2780,0,705,KPx6VNVlGZu
174596,2305,0,376,bNBWyl9JtIY
979307,7720,0,580,TBgnguRdMiI
335617,3277,0,12,LbMtWlBHoBf
225136,5589,0,414,Dlo58ZM3PsX
556826,232,0,262,wVm6JKLwPIK
604114,9245,0,240,XaKl1imEdo4
510886,2502,0,632,D8jXs14pL34
191141,7846,0,999,JhVrHDDSSjf
856311,662,0,969,hmO3OWXhR1C
325608,8161,0,608,jmUtV2UHxf4
33785,1638,0,490,4BZtwkATrVt
878820,1344,0,257,HyjrrCp72sC
294804,8955,0,93,Kn4LkbA6cv4
499015,5779,0,257,09Zq8K8Q3lU
670169,9083,0,326,wV11kfq9OM2
738457,2734,0,209,Kc1zxFj50m0
173548,1269,0,992,aEyF3unecPM
818990,5778,0,197,WHiec9BxUXO
619540,7714,0,614,wgCUJ5TZa1B
886830,8549,0,20,74HSOKsxgI2
490260,2129,0,550,cmcnyN5cdaW
182165,1963,0,765,HwE6BwDklDo
15509,3481,0,149,9QTNa27HcOt
506622,957,0,105,ogfgb7Sgv0k
649715,4423,0,369,62GcH4ALcRY
826294,9254,0,978,qLZKsh5ZMb0
518214,387,0,15,uCJ3bhgKY7I
895453,1147,0,622,mOXCGQKkuk3
812054,1513,0,747,vofiivyPDLO
799518,6796,0,593,VSwDD104o4x
968435,8050,0,195,LZLl5gEKuSv
541037,7607,0,279,JLGii4dFqYW
623309,5433,0,267,5RYnkGWg49P
174110,9558,0,226,txw17Yzt0tC
168398,7604,0,440,gfLHeIp8Mmc
457639,2448,0,767,Z146HsiY4Jq
916426,7594,0,77,yyZ9D3veIJi
130309,6583,0,795,gIf2BW20I3O
419040,3702,0,966,BnhF958GJyv
355427,7986,0,761,vE0Q04PKnLo
829997,7836,0,15,h4ZMgC4kSjY
781074,7314,0,576,mnRIrVAHTG9
437083,76,0,669,mvPHpi1KFCm
637702,9892,0,504,vONCUGqGa9x
903673,4480,0,347,8OKCAIS7Jqa
880549,7127,0,832,mtX7QjKDOGq
539136,3529,0,87,O8SllKMtn7w
256140,5574,0,581,Vjwov3sxDO5
925758,8309,0,126,rRFe5i6AEWX
987890,9450,0,59,DxHzE5wfweP
169896,5246,0,430,uLoavhgwHpC
556415,3119,0,272,aoV5rq7lvrA
429201,3083,0,859,r4I1HQKAYR1
319842,9424,0,38,GPsoo5l5KV4
550178,9723,0,955,dLmjMBIhNpL
33123,3017,0,594,MreRqHNh6Fb
308308,9756,0,939,MJpQrAnRpPj
579786,8037,0,129,ZfCREv2XwmM
310226,4144,0,464,MsKrtH2mLAO
56131,1082,0,838,rkjJrWRXZdw
487107,5221,0,977,GwqKbTbpDct
38519,2273,0,266,8zQQtSf88cs
985675,4177,0,331,GSahiOmsRiC
22756,2656,0,352,URGAiRaHgSx
518086,9908,0,994,sAsbJsxSZjQ
870918,277,0,229,j0b7Ujt3Bai
788821,21,0,666,1bLA19sfHC3
402194,8345,0,483,GhQF9CdeJXG
806735,9529,0,358,C2uaRZ0J4PE
693207,267,0,263,cEeScjvezUP
971128,776,0,585,AO7QqdyPfQw
216342,5788,0,171,82Hr0Xtimuy
636272,3356,0,334,N9PkRDaPzRO
329792,2035,0,875,7axhE9nk5jQ
398431,804,0,346,UdqsxS5afI9
438688,5255,0,951,c2bvla117ma
725139,9692,0,429,pBK5zJzht1Y
601743,382,0,42,1MToH5TTMsy
202300,9741,0,313,4ZqM1jAtFuT
191727,2564,0,8,yoFyqVLYCQV
436371,9846,0,629,o0DXTKgHanS
895156,2004,0,556,ow3IfzHfyOQ
144466,8736,0,54,IRKbKT6GUWV
993979,8933,0,346,UgsNx5UUvM7
274590,373,0,910,D56d6ulQMS4
228803,6893,0,149,n1v25yFrcfE
859055,7163,0,494,oPMhR3SoPbR
554857,9174,0,85,eQqCEjpyWg7
668328,7219,0,625,w13NFOMbHLL
215681,3796,0,634,bKDschwWflV
514408,8335,0,297,SiACrPZtcLy
964655,4514,0,956,7Qlp3janhvW
633686,601,0,500,6hE46OuDm6g
893108,1741,0,926,gqAJB3hwdYc
850852,5101,0,10,rBEcsv8w5md
752407,9778,0,437,d7OakdRsn9R
21377,2515,0,200,6MjUY8Gi1na
91310,3613,0,740,9N5NPc8R2jA
585007,3231,0,866,NpRAuzUEV12
113512,6842,0,412,Nt5bt4C8rWk
917497,8813,0,970,1XtUozZXG67
445609,2550,0,102,oeax3ssoxFR
467660,5477,0,24,WLpjED0Osdd
932391,6473,0,99,vxTTMOlOhxH
76531,6355,0,228,8nHv3ZvczKY
364032,6596,0,631,2p40BQYZwxo
933987,8706,0,108,ZlpOaV9TrFo
358263,6139,0,855,GECOZTB5jOs
745648,6750,0,439,Fop44KNgUJs
657386,848,0,468,iOIqXibj4fO
256668,1629,0,703,AtznkuvfT1b
195789,3409,0,756,lvZJOHCtMyT
879527,5903,0,271,sZak5WK9YAg
489991,3776,0,619,EJzna9tuvaR
244509,7498,0,735,vzqrZCeoe6b
774496,7983,0,744,Wn1JnM8idTK
23228,1518,0,450,43aAGsElr1p
805977,1250,0,748,nwSYJDm3gX5
979083,8307,0,823,7UcOkpqdLOY
159741,8032,0,624,w9bS2lUQaS0
413894,1290,0,692,vQ2vnMtUT04
226492,4457,0,984,4f3Om1dKm3l
398956,6838,0,210,sQIZmZBcJcE
913862,2240,0,741,3nEUPuA6qqh
892213,1286,0,526,5LojoEvPh5I
899397,6437,0,392,0Qf3n56408x
705284,1158,0,283,LOjL5uxVns3
259232,9176,0,518,s2a4q9Thy04
836226,6242,0,849,IEg8PBRrXUa
229302,2960,0,583,kb8TtnQ1hZz
517116,8542,0,538,wigdYAr2EPv
556782,6002,0,828,j6x2gEzsuCS
94159,1839,0,636,KjpKUPtAXLu
